标题,详情,售价,原价,折扣,作者,出版时间,出版社,评论星数,评论数
 数据科学与大数据分析 数据的发现 分析 可视化与表示数据科学与大数据技术专业参考教材 EMC数据科学认证参考书 数据存储巨头EMC公司的集体智慧结晶 详细剖析数据科学家职责 应备技能的数据分析图书,数据科学和大数据分析是指利用数据的力量来发现新的见解。本书涵盖了数据科学涉及的行为广度以及所使用的方法和工具。本书内容侧重于任何行业和技术环境中都会用到的概念、原理和实际应用，并通过开源软件来分析案例，以帮助读者更好地理解。本书将帮助您：成为数据科学团队中的一名贡献者；部署结构化的生命周期方法来分析数据问题；应用合适的分析技术和工具来分析大数据；学习如何用数据来讲一个动人的故事，以推动商业行为；备考EMC Proven Professional数据科学家认证。EEMC专家认证是IT行业领先的教育和认证项目，涵盖了信息存储技术、虚拟化技术、云计算、数据科学与大数据分析等领域。通过认证是一种很好的自我投资方式，同时也是对自己专业知识的正式验证。本书可以作为准备数据科学专员（EMCDSA）认证的资料。在驱动企业和服务提供商转,¥54.40,¥69.00, (7.89折) ,EMC教育服务团队,[2016-07-01],人民邮电出版社,4.5,1053条评论
 数据科学入门介绍数据科学基本知识的重量级读本 Google数据科学家作品,介绍数据科学基本知识的重量级读本，Google数据科学家作品。 数据科学是一个蓬勃发展、前途无限的行业，有人将数据科学家称为 21世纪头号性感职业 。本书从零开始讲解数据科学工作，教授数据科学工作所必需的黑客技能，并带领读者熟悉数据科学的核心知识 数学和统计学。 作者选择了功能强大、简单易学的Python语言环境，亲手搭建工具和实现算法，并精心挑选了注释良好、简洁易读的实现范例。书中涵盖的所有代码和数据都可以在GitHub上下载。通过阅读本书，你可以：学到一堂Python速成课；学习线性代数、统计和概率论的基本方法，了解它们是怎样应用在数据科学中的；掌握如何收集、探索、清理、转换和操作数据；深入理解机器学习的基础；运用k-近邻、朴素贝叶斯、线性回归和逻辑回归、决策树、神经网络和聚类等各种数据模型；探索推荐系统、自然语,¥54.50,¥69.00, (7.9折) ,格鲁斯,[2016-03-01],人民邮电出版社,4.5,246条评论
 数据科学实战大数据时代的实战宝典，谷歌、微软、eBay等公司一线数据科学家真知灼见，揭秘数据科学相关的新算法、方法与模型,,¥62.40,¥79.00, (7.9折) ,舒特,[2015-03-01],None,5.0,295条评论
 数据科学原理（影印版）,,¥72.60,¥92.00, (7.9折) ,思南,[2017-10-01],东南大学出版社,0.0,0条评论
 Python数据科学指南Python数据分析编程入门 60多个实用的开发技巧 帮你探索Python及其强大的数据科学能力,本书从讲解如何在数据科学中应用Python开始，陆续介绍了Python的工作环境，如何用Python分析数据，以及数据挖掘的概念，然后又扩展到机器学习。本书还涵盖了缩减原则、集成方法、*森林、旋转森林和超树等方面的内容，这些都是一个成功的数据科学专家所必需掌握的。 阅读本书，你将学会： ■ 揭示数据科学算法的完整范畴； ■ 高效地掌握和使用numpy、scipy、scikit-learn和matplotlib等Python库； ■ 了解进阶回归方法的建模和变量选择； ■ 进一步彻底理解集成方法的潜在含义及实施； ■ 在各种各样的数值和文本数据集上解决实际问题； ■ 熟悉先进的算法，如梯度提升、*森林、旋转森林等。 本书特色： ■ 内容明确且易于跟学； ■ 甄选重要的任务与问题； ■ 精心组织编排内容，有效解决问题； ■ 清晰易懂的讲解方式； ■ 书中呈现的解决,¥62.40,¥79.00, (7.9折) ,Gopi,[2016-11-01],人民邮电出版社,5.0,100条评论
 数据科学导论：Python语言实现,本书首先介绍如何设置基本的数据科学工具箱，然后带你进入数据改写和预处理阶段，这一部分主要是阐明所有与核心数据科学活动相关的数据分析过程，如数据加载、转换、修复以及数据探索和处理等。*后，通过主要的机器学习算法、图形分析技术，以及所有易于表现结果的可视化工具，实现对数据科学的概述。 本书行文过程以数据科学项目为主体，辅以整洁的代码和简化的示例，能帮助你理解与项目相关的潜在原理和实际数据集。 通过阅读本书，你将学到： 使用Windows、Mac和Linux系统上的Python科学环境设置数据科学工具箱 为数据科学项目准备数据 为了解决数据科学问题，进行数据操作、修复和探索 建立实验流程来检验数据科学假设 为数据科学任务选择*有效和可扩展的学习算法 优化机器学习模型，以获得*佳性能 进行图的探索和聚集分析，充分利用数据中的,¥38.70,¥49.00, (7.9折) ,阿尔贝托・博斯凯蒂,[2016-08-10],机械工业出版社,4.5,76条评论
 Python大战机器学习：数据科学家的第一个小目标人生苦短，我用Python；算法偷懒，我看笔记学霸版,时下极热门的职业是数据科学家，而不是传统的信息科学家，也不是大数据工程师。 数据科学家必备的技能中，机器学习和Python 应该是位列前五的两项，学习本书，实现自己的第1个小目标。 更多计算机好书请关注： 电子工业出版社当当自营店,¥54.50,¥69.00, (7.9折) ,华校专,[2017-02-01],电子工业出版社,4.5,1094条评论
 数据科学家养成手册用科学的眼光看待数据、收集数据、分析数据，用科学的眼光审视数据、解读数据、运用数据。,从哲学、数学、物理、统计，到测量、实验、辩证、分析，用谈天说地的方式激发思考，归纳总结数据科学的实质及成就一位数据科学家所需要的基本素养。,¥62.40,¥79.00, (7.9折) ,高扬,[2017-05-01],电子工业出版社,4.0,92条评论
 数据科学：理论、方法与R语言实践数据分析与挖掘方面的zui新力作，结合当前流行的开源软件R语言，以业界真实应用为案例，阐述实用方法，难度较低。,,¥54.50,¥69.00, (7.9折) ,尼娜,[2016-03-31],机械工业出版社,5.0,104条评论
 数据科学家修炼之道数据科学家修炼指南 关注大数据 数据库 数据挖掘 R语言的人都应该看此书 帮助你成长为数据科学家 并在大数据行业中独占鳌头,,¥38.70,¥49.00, (7.9折) ,Zacharias,[2016-04-01],人民邮电出版社,5.0,89条评论
 套路！机器学习：北美数据科学家的私房课艺术的R语言，秒天秒地秒统计；Get！女神学姐数据科学技能包,亚马逊资深数据科学家李明博士、统计之都创始人谢益辉博士抢先品读 当前关于大数据、人工智能的炒作着实令人眼花缭乱，如大数据平台（如Hadoop、Spark），以及一些黑箱模型，如神经网络，深度学习（实际上就是多层神经网络）。各路媒体和 砖家 深谙吃瓜群众不明觉厉的心态，所以就像个 妓院头牌 似的越发摆谱。作者并没有打算写一本数据科学的圣经，告诉你所有关于数据科学的一切；只想尽可能地给大家还原一个真实的数据科学和数据科学家。希望能为后来者提供一些信息，使得读者们能够少走弯路。,¥48.00,¥68.00, (7.06折) ,林荟,[2017-10-01],电子工业出版社,5.0,1条评论
 敏捷数据科学：用Hadoop创建数据分析应用,对大数据的挖掘需要投入大量的人力和时间。怎么才能确保构建的是一个正确的模型？通过这本实践指南，你可以学到一套灵活的工具和方法论，在Hadoop上构建数据分析应用。 使用诸如Python、Apache Pig和D3.js等轻量级工具，你的团队能够创建一个敏捷环境来探索数据。我们会开发一个样例应用程序，挖掘你自己的电子邮箱数据。你也会学习到一种迭代式的开发方法，使得你能根据数据中的信息快速切换，进行不同类型的数据分析。书中所有的代码样例都可以在 Heroku 中以 App 形式运行。 ■ 用敏捷式大数据开发方法论创建分析应用 ■ 用数据－价值栈，在一系列敏捷周期中创建价值 ■ 用多种数据结构从单个数据集中提取特征，获取洞察 ■ 用图表可视化数据，通过交互性报表从不同角度展示数据 ■ 用历史数据进行预测，将预测转化为行,¥38.70,¥49.00, (7.9折) ,Russell,[2014-07-01],电子工业出版社,5.0,116条评论
 信息系统与数据科学信息系统与数据科学,适合本科及研究生,¥30.00,¥38.00, (7.9折) ,肖波,[2015-12-01],中国铁道出版社,0.0,6条评论
 科学数据库与信息技术论文集（第十一集）,,¥109.00,¥138.00, (7.9折) ,None,[],科学出版社,0.0,2条评论
 数据科学家修炼指南(套装共4册)(电子书),,¥144.71,None,None,Tony,[2017-11-23],人民邮电出版社,0.0,0条评论
 海量数据分析前沿,,¥26.60,¥39.00, (6.83折) ,美国国家学术院国家研究委员会,[2015-04-21],清华大学出版社,5.0,86条评论
 结构健康监测数据科学与工程,导语_点评_推荐词,¥158.00,¥200.00, (7.9折) ,李惠,[2016-12-01],科学出版社,5.0,29条评论
 数据科学：R语言实现（影印版）[R for Data Science],,¥85.30,¥108.00, (7.9折) ,Hadley,[2017-09-01],东南大学出版社,4.5,2条评论
 金融与数据科学（英文版）,导语_点评_推荐词,¥237.00,¥300.00, (7.9折) ,李维萍,[2017-04-01],科学出版社,0.0,3条评论
 金融与数据科学3（英文版）,导语_点评_推荐词,¥237.00,¥300.00, (7.9折) ,李维萍,[2017-03-01],科学出版社,0.0,1条评论
 数据天才：数据科学家修炼之道(电子书),本书会精准地告诉你什么是数据科学，它跟计算机科学有何差异，如何从数据中提炼价值，如何提升数据科学技能，获得工作机会。本书包括以下内容： 源代码、数据集，以及供复习的名词字典 供数据科学家参考的简历样本、薪酬调查，以及职位描述样本 什么样的公司在寻找数据科学家 大数据及分析产业的权威分析 能展示竞争优势的实际面试问题 能帮助切实理解数据分析的案例 数据科学窍门、秘方和规则,¥64.30,None,None,吴博,[2017-05-01],电子工业出版社,0.0,0条评论
 数据科学家系列(套装共5册)(电子书),,¥164.38,None,None,Zacharski,[2017-11-23],人民邮电出版社,0.0,0条评论
 金融与数据科学2（英文版）,导语_点评_推荐词,¥237.00,¥300.00, (7.9折) ,李维萍,[2017-03-01],科学出版社,0.0,1条评论
 数据科学实战手册 R+Python基于R和Python的数据科学项目案例集锦 数据分析师 数据挖掘工程师 数据科学家必读,本书涵盖R和Python两种主流语言，其优点在于其结构，每一章的每一节内容都是按照“准备工作―处理流程―工作原理”的方式组织，这种组织形式非常适合一边实践一边学习（learn-by-doing）。,¥46.60,¥59.00, (7.9折) ,Tony,[2016-08-01],人民邮电出版社,5.0,238条评论
 数据科学R语言实践：面向计算推理与问题求解的案例研究法领略数据科学家的日常，学会利用数据思维解决真实问题,,¥94.00,¥119.00, (7.9折) ,德博拉・诺兰,[2017-06-27],机械工业出版社,0.0,8条评论
 数据科学导论：Python语言实现(电子书),,¥20.00,None,None,阿尔贝托・博斯凯蒂,[2016-07-01],机械工业出版社,5.0,3条评论
 数据科学：理论、方法与R语言实践(电子书),,¥17.99,None,None,朱梅尔,[2016-03-01],机械工业出版社,5.0,1条评论
 大数据分析 数据科学应用场景与实践精髓深度挖掘如何把大数据分析变成生产力，侧重于案例研究和行动方案，而非聚焦算法模型的技术细节。可口可乐欧洲公司首席信息官、eBay公司高级总监联袂鼎力推荐！,几年前，大数据不过是一个口号。今天，在每一个企业里，大数据已经在事实上存在，但只有少数企业能走进这个新的信息世界，并获得丰厚收益。分析科学，是一种深入洞察客户思维、理解复杂的客户行为动态，进而影响企业商业模式的方法手段。《大数据分析：数据科学应用场景与实践精髓》是一本讨论大数据理论及应用的专著，始于理论界的前沿观点讨论，然后转向这些理论研究在日常商业活动中的实践应用。 有人说，数据就是“新石油”，是一种价值巨大的新资源，而且取之不尽、用之不竭。这样评价数据的价值前景，一点也不为过。正如1级分析专家巴特・贝森斯（Bart Baesens）所说，数据是每个人都拥有的资源，石油则不是，这是两者的极大差别。在很多商业应用领域，如风险管理、欺诈侦测、客户关系管理、潜在客户获取等，大数据分析都提供了有价,¥46.50,¥59.00, (7.89折) ,Bart,[2016-01-01],人民邮电出版社,4.5,257条评论
 数据科学理论与实践本书系统讲解数据科学的核心理论与典型实践，是一本“既有理论高度，又有实践深度”的开创性教材。在结构设计和内容选择之上，不仅借鉴了世界一流大学相关课程以及全球畅销书，而且还充分考虑到了我国相关专业建设和,朝乐门老师的《数据科学理论与实践》是一本值得推荐的优秀教材。陈国良（中国科学院院士） 朝老师的《数据科学理论与实践》是一本通俗易懂且充满智慧，读了之后有收获与感动的精品教材，让我觉得相见恨晚！庞艳蓓（哥伦比亚大学硕士研究生/中国人民大学本科生） Data Science is transforming every sphere of human endeavor. His book is an invaluable resource to anyone who wants to create the future. (数据科学正在改变着人类探索的每一个领域。对于致力于创造未来的人们，朝乐门老师的这本书是无价之宝。)Leon Katsnelson (IBM全球战略合作总监与数据科学社区首席技术官),¥50.20,¥59.00, (8.51折) ,朝乐门,[2017-11-01],清华大学出版社,4.0,7条评论
 POD-金融与数据科学2（英文版）按需印刷商品，发货时间20天，非质量问题不接受退换货。,导语_点评_推荐词,¥300.00,¥300.00,None,李维萍,[2017-07-19],科学出版社,0.0,0条评论
 数据科学,（1）本书是国内*本系统介绍数据科学的重要的专著，填补了国内此领域的空白。 （2）在结构设计和内容选择上，不仅充分借鉴了国外著名大学设立的相关课程以及全球畅销的英文专著，而且也考虑到了国内相关课程定位与专业人才的培养需求。 （3）每章提供了基于R的数据处理例题和领域经典案例，做到理论学习与实践应用相结合。书后附有R语言基本语法，便于教学与学习。（4）读者范围广，可以满足计算机科学与技术类、管理类、统计分析类、图情档类等多个专业人才，尤其是硕士生和博士生的教学与自学需要。（5）每章的首尾配有【导读】、【小结】、【习题】和【参考文献及扩展阅读】，便于教师的教学和学生的自学。习题部分以主动学习型开放题目为主，旨在帮助学生的自学能力。参考文献部分既提供了引用文献，又给出了推荐阅读文献目录。,¥38.70,¥49.00, (7.9折) ,朝乐门,[2016-07-13],清华大学出版社,5.0,123条评论
 营销数据科学：用R和Python进行预测分析的建模技术基于美国西北大学数据科学系列课程，系统展现在营销领域如何应用大数据手段解决典型问题,,¥63.90,¥79.00, (8.09折) ,托马斯,[2017-03-03],机械工业出版社,5.0,56条评论
 POD-金融与数据科学（英文版）按需印刷商品，发货时间20天，非质量问题不接受退换货。,POD产品说明： 1. 本产品为按需印刷（POD）图书，实行先付款，后印刷的流程。您在页面购买且完成支付后，订单转交出版社。出版社根据您的订单采用数字印刷的方式，单独为您印制该图书，属于定制产品。 2. 按需印刷的图书装帧均为平装书（含原为精装的图书）。由于印刷工艺、彩墨的批次不同，颜色会与老版本略有差异，但通常会比老版本的颜色更准确。原书内容含彩图的，统一变成黑白图，原书含光盘的，统一无法提供光盘。 3. 按需印刷的图书制作成本高于传统的单本成本，因此售价高于原书定价。 4. 按需印刷的图书，出版社生产周期一般为15个工作日（特殊情况除外）。请您耐心等待。 5. 按需印刷的图书，属于定制产品，不可取消订单，无质量问题不支持退货。,¥300.00,¥300.00,None,李维萍,[2017-03-17],科学出版社,0.0,0条评论
 数据科学与大数据分析 数据的发现 分析 可视化与表示(电子书),数据科学和大数据分析是指利用数据的力量来发现新的见解。本书涵盖了数据科学涉及的行为广度以及所使用的方法和工具。本书内容侧重于任何行业和技术环境中都会用到的概念、原理和实际应用，并通过源软件来分析案例，以帮助读者更好地理解。本书将帮助您：成为数据科学团队中的一名贡献者；部署结构化的生命周期方法来分析数据问题；应用合适的分析技术和工具来分析大数据；学习如何用数据来讲一个动人的故事，以推动商业行为；备考EMC Proven Professional数据科学家认证。EEMC专家认证是IT行业领先的教育和认证项目，涵盖了信息存储技术、虚拟化技术、云计算、数据科学与大数据分析等领域。通过认证是一种很好的自我投资方式，同时也是对自己专业知识的正式验证。本书可以作为准备数据科学专员（EMCDSA）认证的资料。在驱动企业和服务提供商转型,¥39.99,None,None,EMC教育服务团队,[2016-07-01],人民邮电出版社,4.5,6条评论
 POD-金融与数据科学3（英文版）按需印刷商品，发货时间20天，非质量问题不接受退换货。,导语_点评_推荐词,¥300.00,¥300.00,None,李维萍,[2017-07-19],科学出版社,0.0,0条评论
 Python数据科学入门Python数据处理 快速掌握数据采集与清洗 数据分析 机器学习等数据科学领域常见任务和工具 用Python轻松解决数据科学问题,不同类型文本数据的获取、清洗、组织和可视化 如何用NumPy和Pandas模块处理数值数据 探索用MySQL和MongoDB配置、填充、查询数据 网络创建、度量和分析 概率与统计以及机器学习的相关基本概念,¥38.70,¥49.00, (7.9折) ,德米特里・齐诺维耶夫,[2017-11-01],人民邮电出版社,5.0,2条评论
 数据科学中的R语言（R语言应用系列）,,¥62.40,¥79.00, (7.9折) ,李舰,[2015-07-01],西安交通大学出版社,5.0,118条评论
 科学数据大揭秘：全6册数字越看越无聊？那一定是你打开的方式不对！《科学数据大揭秘》（全6册）献给所有喜爱数字又害怕数字的小朋友，打破你看世界的方式，逻辑与思考力UP UP UP！,,¥54.00,¥108.00, (5折) ,Paul,[2017-07-01],长江少年儿童出版社,4.5,1688条评论
 数据科学：R语言实现,,¥62.40,¥79.00, (7.9折) ,丘�玮,[2017-06-01],机械工业出版社,5.0,7条评论
 机器学习与数据科学 基于R的统计学习方法为数据科学家提供bibei工具和技巧 使用R统计环境，快速上手实践,从业者使用的工具是决定他的工作能否成功的重要因素之一。本书为数据科学家提供了一些在统计学习领域会用到的工具和技巧，为他们在数据科学领域的长期职业生涯提供了所需的一套基本工具。针对处理重要的数据科学问题的高级技能，本书也给出了学习的建议。 本书包括以下内容： 机器学习概述 监督机器学习 数据连接 非监督机器学习 数据处理 模型评估 探索性数据分析 本书选用R统计环境。R在全世界范围内应用越来越广泛，很多数据科学家只使用R就能进行项目工作。本书的所有代码示例都是用R语言写的。除此之外，书中还使用了很多流行的R包和数据集。,¥46.60,¥59.00, (7.9折) ,Daniel,[2017-05-01],人民邮电出版社,4.5,40条评论
 数据科学导论（第2版）,,¥40.00,¥58.00, (6.9折) ,杨旭,[2017-05-01],北京理工大学出版社,0.0,12条评论
 数据科学 R语言实战学习R语言数据挖掘 探索数据科学的基本原理 算法解析与案例实战,本书涉及数据科学家感兴趣的核心话题，教会读者从各种各样的数据源中提取数据，并运用现有的公开可用的R函数和R功能包来处理这些数据。在很多情况下，处理结果能够以图形的方式显示，并获得更直观的理解。读者从中能学到行业内经常使用的主流数据分析技术。 你可以从这本书中学到： 开发、执行和修改R语言脚本； 发现、安装和使用第三方的R语言包； 规划你的数据，以获得好的结果； 将结果以图形化的方式展示，包括3D可视化； 执行你随时会用到的统计分析； 权衡不同解决方案的优缺点； 尝试R语言的不同功能来微调结果； 通过R语言的实际例子来学习数据科学； 利用R语言来探索数据挖掘、数据分析、数据可视化以及机器学习等概念。,¥54.40,¥69.00, (7.89折) ,Toomey,[2016-11-01],人民邮电出版社,5.0,64条评论
 数据科学中的并行计算：以R，C++和CUDA为例,,¥54.00,¥72.00, (7.5折) ,None,[],西安交通大学出版社,0.0,0条评论
 数据天才：数据科学家修炼之道,本书会精准地告诉你什么是数据科学，它跟计算机科学有何差异，如何从数据中提炼价值，如何提升数据科学技能，获得工作机会。本书包括以下内容： 源代码、数据集，以及供复习的名词字典 供数据科学家参考的简历样本、薪酬调查，以及职位描述样本 什么样的公司在寻找数据科学家 大数据及分析产业的权威分析 能展示竞争优势的实际面试问题 能帮助切实理解数据分析的案例 数据科学窍门、秘方和规则,¥67.10,¥85.00, (7.9折) ,Vincent,[2017-05-01],电子工业出版社,5.0,118条评论
 pod-基于数据科学的复杂元网络方法及应用按需印刷商品，发货时间20天，非质量问题不接受退换货。,,¥60.00,¥60.00,None,刘潇,[2016-02-01],科学出版社,0.0,4条评论
 数据科学 R语言实战(电子书),本书涉及数据科学家感兴趣的核心话题，教会读者从各种各样的数据源中提取数据，并运用现有的公可用的R函数和R功能包来处理这些数据。在很多情况下，处理结果能够以图形的方式显示，并获得更直观的理解。读者从中能学到行业内经常使用的主流数据分析技术。 你可以从这本书中学到： 发、执行和修改R语言脚本； 发现、安装和使用第三方的R语言包； 规划你的数据，以获得好的结果； 将结果以图形化的方式展示，包括3D可视化； 执行你随时会用到的统计分析； 权衡不同解决方案的优缺； 尝试R语言的不同功能来微调结果； 通过R语言的实际例子来学习数据科学； 利用R语言来探索数据挖掘、数据分析、数据可视化以及机器学习等概念。,¥39.00,None,None,Toomey,[2016-11-01],人民邮电出版社,5.0,1条评论
 数据科学家修炼之道(电子书),,¥29.40,None,None,Zacharias,[2016-04-01],人民邮电出版社,5.0,1条评论
 数据科学：R语言实现(电子书),,¥53.04,None,None,丘�玮,[2017-05-01],机械工业出版社,0.0,0条评论
 数据科学实战手册 R+Python(电子书),本书涵盖R和Python两种主流语言，其优在于其结构，每一章的每一节内容都是按照“准备工作―处理流程―工作原理”的方式组织，这种组织形式非常适合一边实践一边学习（learn-by-doing）。,¥29.99,None,None,Tony,[2016-08-01],人民邮电出版社,0.0,0条评论
 Python数据科学实践指南,,¥46.60,¥59.00, (7.9折) ,纪路,[2017-05-24],机械工业出版社,5.0,30条评论
 基于数据科学的复杂元网络方法及应用,导语_点评_推荐词,¥47.40,¥60.00, (7.9折) ,刘潇,[2016-02-01],科学出版社,5.0,24条评论
 数据科学实战手册 R+Python(电子书),,¥29.99,None,None,Tony,[],人民邮电出版社,0.0,0条评论
 数据科学家养成手册(电子书),从哲学、数学、物理、统计，到测量、实验、辩证、分析，用谈天说地的方式激发思考，归纳总结数据科学的实质及成就一位数据科学家所需要的基本素养。,¥26.39,None,None,高扬,[2017-05-01],电子工业出版社,5.0,2条评论
 Hadoop权威指南(第3版)新版上市，点击购买《Hadoop权威指南：大数据的存储与分析（第,新版新特色，内容更权威，更适合收藏和找Hadoop之父签名儿！ 广受好评的《 Hadoop权威指南（第2版 修订版） 》的升级版《Hadoop权威指南（第3版）》来啦！ **组合 大数据运营,¥70.90,¥99.00, (7.17折) ,White,[2015-01-01],清华大学出版社,4.5,6196条评论
 Web与网络数据科学：建模技术在预测分析中的应用内容源自美国西北大学网络大数据分析课程内容，涵盖web与网络数据科学各方面的内容，案例丰富实用,,¥64.70,¥79.00, (8.19折) ,托马斯,[2017-02-16],机械工业出版社,0.0,26条评论
 Python数据科学指南(电子书),本书从讲解如何在数据科学中应用Python始，陆续介绍了Python的工作环境，如何用Python分析数据，以及数据挖掘的概念，然后又扩展到机器学习。本书还涵盖了缩减原则、集成方法、*森林、旋转森林和超树等方面的内容，这些都是一个成功的数据科学专家所必需掌握的。 阅读本书，你将学会： ■ 揭示数据科学算法的完整范畴； ■ 高效地掌握和使用numpy、scipy、scikit-learn和matplotlib等Python库； ■ 了解阶回归方法的建模和变量选择； ■ 一步彻底理解集成方法的潜在含义及实施； ■ 在各种各样的数值和文本数据集上解决实际问题； ■ 熟悉先的算法，如梯度提升、*森林、旋转森林等。 本书特色： ■ 内容明确且易于跟学； ■ 甄选重要的任务与问题； ■ 精心组织编排内容，有效解决问题； ■ 清晰易懂的讲解方式； ■ 书中呈现的解决方案能够,¥49.00,None,None,Gopi,[2016-12-01],人民邮电出版社,0.0,0条评论
 Python数据科学导论一本优秀的数据科学入门教材,,¥46.60,¥59.00, (7.9折) ,戴维・谢伦,[2017-08-30],机械工业出版社,0.0,5条评论
 北部湾科学数据共享平台构建与决策支持系统研发及应用,导语_点评_推荐词,¥219.60,¥278.00, (7.9折) ,胡宝清,[2016-06-01],科学出版社,5.0,7条评论
 Python数据科学实践指南(电子书),,¥41.06,None,None,纪路,[2017-04-01],机械工业出版社,5.0,1条评论
 命令行中的数据科学大数据处理不一定非要写程序，小小命令行工具往往出奇制胜，高效数据分析必备,大数据时代，数据科学研究与分析日益重要。本书独树一帜，教你利用灵活的命令行工具成为高效多产的数据科学家。 为此，作者开发了数据科学工具箱，一个包含80多个命令行工具的安装简单的虚拟环境，能在Windows、OS X和Linux操作系统上运行。你将学会如何结合使用这些小而强大的命令行工具，快速地获取、清洗、探索和建模数据。 通过阅读本书，你会明白为什么命令行是一种灵活、可伸缩、易扩展的技术。即使你已经能够使用Python或R得心应手地处理数据，利用命令行也将大大改进你的数据科学工作流。 通过本书你将学会： 从网站、API、数据库和电子表格中获取数据 对纯文本、CSV、HTML/XML和JSON格式数据进行清洗 探索数据，计算描述性统计信息，进行可视化呈现 管理数据科学工作流 使用单行命令和已有的Python或R,¥38.70,¥49.00, (7.9折) ,詹森斯,[2015-06-01],人民邮电出版社,5.0,36条评论
 Python与数据科学,《Python与数据科学》分为基础编、分析编、挖掘编和提高编四部分。 基础编包括数据科学简介（第1章）和Python基础知识（第2章）两章。涉及数据科学的概念、数据科学的学习方法、数据科学家的概念、数据科学家的应备技能、Python与数据科学的关系、数据科学领域中常用的Python包。 分析编包括Python数据获取和数据预处理（第3章）和利用Python进行数据分析（第4章）两章。内容包括Python数据获取的各种方式：从文件中、从数据库中、从Web网页中获取数据，对获取的数据可采用Python Pandas进行数据清洗、数据集成与数据转换等数据预处理工作。 挖掘编包括利用Python进行数据挖掘（第5章）和利用Python进行文本挖掘（第6章）两章。在数据挖掘部分首先简单介绍了Python的Scikit-Learn数据挖掘库的安装与使用，然后结合实例详细介绍数据挖掘中常用的算法；在文本挖掘部,¥30.60,¥45.00, (6.8折) ,王仁武,[2016-03-01],华东师范大学出版社,4.0,80条评论
 POD-北部湾科学数据共享平台构建与决策支持系统研发及应用按需印刷商品，发货时间20天，非质量问题不接受退换货。,POD产品说明： 1. 本产品为按需印刷（POD）图书，实行先付款，后印刷的流程。您在页面购买且完成支付后，订单转交出版社。出版社根据您的订单采用数字印刷的方式，单独为您印制该图书，属于定制产品。 2. 按需印刷的图书装帧均为平装书（含原为精装的图书）。由于印刷工艺、彩墨的批次不同，颜色会与老版本略有差异，但通常会比老版本的颜色更准确。原书内容含彩图的，统一变成黑白图，原书含光盘的，统一无法提供光盘。 3. 按需印刷的图书制作成本高于传统的单本成本，因此售价高于原书定价。 4. 按需印刷的图书，出版社生产周期一般为15个工作日（特殊情况除外）。请您耐心等待。 5. 按需印刷的图书，属于定制产品，不可取消订单，无质量问题不支持退货。,¥734.00,¥734.00,None,胡宝清,[2016-06-01],科学出版社,0.0,0条评论
 大数据时代的历史机遇――产业变革与数据科学,一本贯通技术理解、产业认知和资本市场估值的大作，让大数据不再停留在理念和技术的层次，而是深入到商业价值与模式、产业格局与生态、数据科学与教育层面。尚未出版就已经吸引了业界和媒体的广泛关注。本书作者包含资深行业分析师，中关村IT技术领军人物和中科院院士，融合了产、学、研领域的**力量，能为政府宏观部门、不同产业、学术界，甚至为个人带来大数据时代的新思维。 花絮一：院士的纸墨情怀 北京大学的鄂维南院士用纸和笔一字一句地撰写了“数据科学”等章节内容，然后再由工作人员敲打成电子版本。这一细节，让人对鄂院士的认真态度肃然起敬，也掀起了我们对笔墨写书时代的一种怀旧，俨然像对某种古典而失传工艺的隐隐恋想。 花絮二：跨界的精彩 赵国栋在IT行业摸爬滚打10数年，先后在电子商务、电信、金融等领域从事IT咨询、,¥33.40,¥49.00, (6.82折) ,赵国栋,[2013-06-01],清华大学出版社,5.0,2641条评论
 Excel 数据之美：科学图表与商业图表的绘制（全彩）将R、Python、Mathlab、D3.js等绘图软件的优点融合到Excel图表中，让普通Excel读者也能做出专业的科学图表和商业图表,"引入R ggplot2, Python Seaborn, Tableau, D3.js, Matlab 2015, Origin等绘图软件的图表风格与配色方案； 对比并总结了《华尔街日报》、《商业周刊》、《经济学人》等商业经典杂志的图表风格； 配套开发了一款Excel 插件EasyCharts，可以实现颜色拾取、数据拾取、图像截取、图表风格美化、新型图表绘制、数据分析等功能。",¥54.50,¥69.00, (7.9折) ,张杰,[2016-09-01],电子工业出版社,5.0,423条评论
 女士品茶：大数据时代最该懂的学科就是统计学 科学松鼠会推荐统计学领域入门必读书,统计学入门*读本，科学松鼠会强力推荐！ 这是一本经典的入门级读物，每介绍一个新的概念，都会进行大量的背景介绍，再辅以相关奇闻异事。就算是对于一个门外汉来说，也能读懂一个特定概念是做什么用的。 像小说一样的科普书，堪称统计学领域的《苏菲的世界》 在作者笔下，固执的皮尔逊、低调的戈塞特、天才的费舍尔，一如武林高手一样，在统计学的思想领域激烈交锋。他们和后续各个时代代表性的天才，共同演绎了二十世纪这场绚丽多彩又跌宕起伏的统计学革命。有读者评论，本书之于统计学，一如《苏菲的世界》之于哲学。 了解统计学的人，运气都不会太差。大数据时代，你需要懂点统计学思想。 统计学从不猜想，而是测量未来！从买乐透到大数据，全都需要统计学，不懂统计学，你就等着被骗吧！,¥36.00,¥48.00, (7.5折) ,戴维・萨尔斯伯格,[2016-08-01],江西人民出版社,5.0,1777条评论
 pod-第四范式：数据密集型科学发现按需印刷商品，发货时间20天，非质量问题不接受退换货。,暂无相关内容,¥500.00,¥500.00,None,Tony,[2012-06-01],科学出版社,0.0,0条评论
 数据、模型与决策:管理科学篇(原书第13版)全球畅销的定量管理决策教科书，全国MBA教育指导委员会教学大纲推荐教材。,全球畅销的定量管理决策教科书，全国MBA教育指导委员会教学大纲推荐教材。 《商务与经济统计（英文版 原书第11版）》【英文】 《商务与经济统计（原书第11版）》【中文】 《商务与经济统计精要（原书第6版）》【中文】 《数据、模型与决策（原书第13版）》【中文】 《数据、模型与决策：管理科学篇（英文版 原书第12版）》【英文】,¥56.30,¥75.00, (7.51折) ,安德森,[2012-06-01],机械工业出版社,4.5,2655条评论
 大数据时代的历史机遇：产业变革与数据科学(电子书),,¥31.29,None,None,赵国栋,[2013-06-01],清华大学出版社,5.0,67条评论
 这是事实吗――用批判性思维评估统计数据和科学信息（批判性思维丛书）这是事实吗――用批判性思维评估统计数据和科学信,,¥30.00,¥38.00, (7.9折) ,马克・巴特斯比,[2017-07-01],上海教育出版社,5.0,17条评论
 自行车功率训练突破：分析数据 科学训练 提高表现人人有“功率”练的时代即将到来，让这本自行车功率训练+功率数据分析全书祝您一臂之力！,人人有 功率 练的时代即将到来，让这本自行车功率训练 功率数据分析全书祝您一臂之力！ 科学训练在自行车界当属功率训练，因为功率能立即反映出车手所输出的力量，是十分明确的强度指标，对运动强度的监控也非常直接，通过功率计便能精准地收集到训练及比赛时的所有量化数据。 功率计越来越普及，但是功率训练原理复杂难懂，而且收集数据的重点在于分析与解读，唯有彻底理解不同数据所代表的意义与功能，数据才会变成有价值的知识和技术。作者对生硬的功率训练原理及术语进行了通俗易懂的讲解，并一步一步教您学会使用功率数据分析管理软件WK0，帮您将数据的作用发挥到极致。 这本功率训练书能帮您更了解自己的优势与缺点，确认自己属于哪种类型的车手，在团队中该扮演何种角色，以及如何制定更有效的周期化训练计划及提升表现。,¥46.50,¥59.00, (7.89折) ,罗誉寅,[2017-07-01],人民邮电出版社,5.0,7条评论
 中国科学计量指标：论文与引文统计(2011年卷),科技方面使用的信息情报参考书,¥189.60,¥240.00, (7.9折) ,中国科学引文数据库项目组,[2012-07-01],知识产权出版社,5.0,6条评论
 地球系统研究与科学数据,本书是在地球科学开始进入一个新的发展方向的背景下完成的，它将地球系统科学中的主要科学问题与科学数据资源有效结合起来，对于推动我国地球系统科学研究及其科学数据资源建设和数据共享具有重大影响。本书主要介绍了地球系统科学的起缘、内涵及其发展趋势，阐述了我国地球系统科学的发展战略及其与地球信息科学的关系；系统分析了国内外地球系统研究在地球系统及其界面过程，人类活动与地球系统的相互作用，地球系统研究的区域集成和地球系统观测、分析与模拟等方面的研究动态，特别提出了我国今后的发展方向及其对科学数据的需求。,¥118.50,¥150.00, (7.9折) ,孙九林,[2009-03-01],科学出版社,5.0,19条评论
" 数据思维：从数据分析到商业价值有大数据≠有商业价值,只有通过具有洞察力的数据分析才能创造价值、驱动未来！一本商业分析和数据科学领域入门级趣味读物，教你实现从数据分析到商业价值的质变飞跃！",一本妙趣横生的书，一本商业分析和数据科学领域入门级趣味读物。 本书由北京大学光华管理学院王汉生教授和微信公号 狗熊会 团队合力打造。 上海纽约大学杰出全球商学讲席教授 陈宇新 复旦大学大数据学院创始院长 范剑青 考拉征信服务有限公司CTO 葛伟平 狗熊会 CEO 李广雨 百分点集团董事长兼 CEO 苏萌 伦敦政治经济学院统计学讲座教授 姚琦伟 北京大学数学学院教授 张志华 联袂推荐,¥47.60,¥69.00, (6.9折) ,王汉生,[2017-09-01],中国人民大学出版社,4.5,64条评论
 数据驱动建模及科学计算――复杂系统和大数据处理方法,由于数据在各个科学领域的增值，新兴的数据分析技术正在以难以置信的速度发展。大数据集目前通常在科学上用于激励发展数学技术和计算方法，用来帮助分析、解释和释疑数据在科学应用环境中的意义。本书的特定目的是集成标准的科学计算方法和数据分析技术。通过这种方式，本书还引入了统计学、时频分析和降维处理等方面的重要思想。 目前，在每个科学领域，大量的概念，包括来自复杂动态系统的概念，产生了意义丰富的、可深刻理解的数据集。本书*后部分以简单直观的实例展开论述，展示了如何综合运用这三个领域给出各类问题的基本解决方案。 与数据处理和分析算法一样，本书是对通用和特定方程的实际数据解决方法的汇总。重点提供了工程技术、生物科技和物理科学等领域现实问题的数据解决方案。 本书以一种容易理解的方式，充分集成MATLAB及,¥70.30,¥89.00, (7.9折) ,Nathan,[2015-07-01],电子工业出版社,5.0,43条评论
 POD-中国北方及其毗邻地区综合科学考察数据集按需印刷商品，发货时间20天，非质量问题不接受退换货。,POD产品说明： 1. 本产品为按需印刷（POD）图书，实行先付款，后印刷的流程。您在页面购买且完成支付后，订单转交出版社。出版社根据您的订单采用数字印刷的方式，单独为您印制该图书，属于定制产品。 2. 按需印刷的图书装帧均为平装书（含原为精装的图书）。由于印刷工艺、彩墨的批次不同，颜色会与老版本略有差异，但通常会比老版本的颜色更准确。原书内容含彩图的，统一变成黑白图，原书含光盘的，统一无法提供光盘。 3. 按需印刷的图书制作成本高于传统的单本成本，因此售价高于原书定价。 4. 按需印刷的图书，出版社生产周期一般为15个工作日（特殊情况除外）。请您耐心等待。 5. 按需印刷的图书，属于定制产品，不可取消订单，无质量问题不支持退货。,¥349.00,¥349.00,None,杨雅萍,[2016-05-01],科学出版社,0.0,0条评论
 中国科学计量指标：论文与引文统计（2012）,,¥189.60,¥240.00, (7.9折) ,中国科学引文数据库项目组,[2013-04-01],知识产权出版社,5.0,5条评论
 地球系统科学数据共享关键技术研究,,¥38.70,¥49.00, (7.9折) ,诸云强,[2009-02-01],科学出版社,4.0,25条评论
 中国科学计量指标：论文与引文统计(2010年卷),,¥189.60,¥240.00, (7.9折) ,中国科学引文数据库项目组,[2011-07-01],知识产权出版社,5.0,7条评论
 中国科学计量指标：论文与引文统计 （2013年卷）,,¥189.60,¥240.00, (7.9折) ,中国科学引文数据库项目组,[2014-05-01],知识产权出版社,5.0,7条评论
 中国科学计量指标：论文与引文统计(2009年卷),,¥189.60,¥240.00, (7.9折) ,中国科学引文数据库项目组,[2010-09-01],知识产权出版社,5.0,8条评论
 科学数据管理与共享的理论与实践,,¥46.60,¥59.00, (7.9折) ,司莉,[2017-03-31],武汉大学出版社,4.5,18条评论
 国外科学数据开放获取研究,,¥29.30,¥39.00, (7.52折) ,�铁梅,[2017-08-01],中国财政经济出版社一,0.0,5条评论
 机械 科学数据 第3部分：元数据,,¥49.80,¥63.00, (7.91折) ,None,[2011-08-01],凤凰出版社,0.0,2条评论
 数据分析与科学绘图软件ORIGIN详解(王秀峰),,¥39.20,¥49.00, (8折) ,王秀峰,[2008-03-01],化学工业出版社,4.5,217条评论
 中医药科学数据,,¥27.60,¥35.00, (7.89折) ,李园白,[2016-05-03],科学出版社,5.0,10条评论
 林业科学数据库和数据共享技术标准与规范（第二辑）,,¥47.40,¥60.00, (7.9折) ,林业科学数据中心,[2006-12-01],中国林业出版社,4.0,16条评论
 数字油田在中国――油田数据工程与科学,,¥70.30,¥89.00, (7.9折) ,高志亮,[2015-10-14],科学出版社,0.0,9条评论
 中国科学计量指标：期刊引证报告（2013年卷）,,¥150.10,¥190.00, (7.9折) ,中国科学引文数据项目组,[2014-05-01],知识产权出版社,0.0,4条评论
 数字油田在中国――油田数据工程与科学,导语_点评_推荐词,¥101.10,¥128.00, (7.9折) ,高志亮,[2017-05-01],科学出版社有限责任公司,0.0,4条评论
 中国科学计量指标：期刊引证报告（2012）,,¥150.10,¥190.00, (7.9折) ,中国科学引文数据库项目组,[2013-04-01],知识产权出版社,5.0,7条评论
 数据与计算――计算机科学基础（第3版）,,¥31.80,¥38.00, (8.37折) ,陆汉权,[2017-08-01],电子工业出版社,4.5,39条评论
 中国极地科学考察水文数据图集――南极分册（二）,,¥126.40,¥160.00, (7.9折) ,陈红霞,[2017-01-01],海洋出版社,0.0,2条评论
 pod-大数据时代的科技资源共享――COINFO 2013 论文集按需印刷商品，发货时间20天，非质量问题不接受退换货。,,¥150.00,¥150.00,None,中国科学技术信息研究所,[],科学出版社,0.0,0条评论
 Excel数据之美：科学图表与商业图表的绘制(电子书),"引R ggplot2, Python Seaborn, Tableau, D3.js, Matlab 2015, Origin等绘图软件的图表风格与配色方案； 对比并总结了《华尔街日报》、《商业周刊》、《经济学人》等商业经典杂志的图表风格； 配套发了一款Excel 插件EasyCharts，可以实现颜色拾取、数据拾取、图像截取、图表风格美化、新型图表绘制、数据分析等功能。",¥52.20,None,None,张杰,[2016-09-01],电子工业出版社,0.0,0条评论
 数据密集型的科学发现与应用――数据密集型的科学发现与应用国际研讨会论文集（2013）,,¥71.10,¥90.00, (7.9折) ,谢江,[2014-08-01],上海大学出版社,0.0,0条评论
 科学计量大数据及其应用,,¥61.60,¥78.00, (7.9折) ,王贤文,[2017-12-01],科学出版社有限责任公司,0.0,18条评论
 POD-中医药科学数据按需印刷商品，发货时间20天，非质量问题不接受退换货。,POD产品说明： 1. 本产品为按需印刷（POD）图书，实行先付款，后印刷的流程。您在页面购买且完成支付后，订单转交出版社。出版社根据您的订单采用数字印刷的方式，单独为您印制该图书，属于定制产品。 2. 按需印刷的图书装帧均为平装书（含原为精装的图书）。由于印刷工艺、彩墨的批次不同，颜色会与老版本略有差异，但通常会比老版本的颜色更准确。原书内容含彩图的，统一变成黑白图，原书含光盘的，统一无法提供光盘。 3. 按需印刷的图书制作成本高于传统的单本成本，因此售价高于原书定价。 4. 按需印刷的图书，出版社生产周期一般为15个工作日（特殊情况除外）。请您耐心等待。 5. 按需印刷的图书，属于定制产品，不可取消订单，无质量问题不支持退货。,¥35.00,¥35.00,None,李园白,[2017-03-17],科学出版社,0.0,0条评论
 精通MATLAB科学计算与数据统计应用数字处理与统计 科学计算 模拟仿真 工程实践书籍,341个精心设计的MATLAB应用实战案例。 103个精心编写的MATLAB工具箱函数。 4个精心挑选的MATLAB工程性综合案例。 理论知识与应用案例的无缝连接，体现出科学计算在工程实践领域中的完 美应用。 理论翔实，拒绝知识断层，同时又不偏执于理论本身，介绍理论知识以说明实际问题为目的，定量解释与定性描述恰当融合。 实际案例丰富，针对每一个案例不仅给出详尽的实现代码，更揭示出背后的设计思想，注重思维历练，让您知其然，更知其所以然。 内容具有一定深度，这决不是一本会在2个月后就会失去价值的应用程序参考，相反让你每次欣赏时都能得到新的享受。,¥62.40,¥79.00, (7.9折) ,赵彬,[2017-09-01],人民邮电出版社,0.0,0条评论
 社会科学数据处理软件应用(仅适用PC阅读)(电子书),对社会科学领域进行定性和定量研究的能力是当代人文社会科学领域大学本科生和研究生必备的基本技能。,¥16.99,None,None,吴永波,[2011-11-01],西南财经大学出版社,0.0,0条评论
 中国极地科学考察水文数据图集――南极分册（一）,,¥109.00,¥138.00, (7.9折) ,陈红霞,[2016-03-01],海洋出版社,5.0,2条评论
 数据科学导论,普通高等教育“十二五”规划教材,¥23.60,¥29.00, (8.14折) ,杨旭,[2014-03-01],北京理工大学出版社,5.0,64条评论
 中国科学计量指标:期刊引证报告(2010年卷),,¥118.50,¥150.00, (7.9折) ,中国科学引文数据库项目组,[2011-05-01],知识产权出版社,4.5,9条评论
 中国科学计量指标:期刊引证报告(2009年卷),,¥118.50,¥150.00, (7.9折) ,中国科学引文数据库项目组,[2010-05-01],知识产权出版社,0.0,4条评论
 pod-数字油田在中国――油田数据工程与科学按需印刷商品，发货时间20天，非质量问题不接受退换货。,,¥89.00,¥89.00,None,高志亮,[],科学出版社,0.0,0条评论
 中国极地科学考察水文数据图集――北极分册（二）,,¥86.90,¥110.00, (7.9折) ,陈红霞,[2015-07-01],海洋出版社,0.0,5条评论
 火星NASA官方数据，HiRISE观测10年，从上万张影像中甄选200余张6k米图幅影像，兼具科学性和艺术性的火星深度探索历程，宣告行星探索时代的到来。,"天文学家、地质学家与设计大师跨界合作，为读者展现了宇宙在过去30亿年的发展演变。 HiRISE观星10年，以前所未有的分辨率揭示了火星表面的迷人地貌。 以科技的力量唤醒神秘、炫目的画面,高品质印刷再现了划时代的科普摄影作品。 包含火星观测简史，从上古至今乃至2022年火星观测计划。 世界*美图书获奖印厂，德国选材，德国印刷，设计至简，印技至臻。 中国科学院、北京天文馆、北京师范大学天文学系对书籍出版做出大力支持。 火星勘测轨道飞行器 号（MRO） 2005年8月12日 发射升空，是2005年NASA火星探测计划之一，以前所未有的分辨率对火星进行考察。从该飞行器发回的数万张图像中，作者选取了*能显示火星地貌特征且具艺术特点的200幅，每幅图像都覆盖 6千米 宽的区域，极好地体现了火星的地",¥209.50,¥289.00, (7.25折) ,弗朗西斯・罗卡尔,[2017-05-01],北京美术摄影出版社,5.0,70条评论
 极点对称模态分解方法――数据分析与科学探索的新途径,导语_点评_推荐词,¥38.70,¥49.00, (7.9折) ,王金良,[2015-05-01],高等教育出版社,5.0,20条评论
 大数据产业革命：重构DT时代的企业数据解决方案由IBM集团副总裁、大数据业务负责人亲自执笔的大数据产业宏篇著作，由中国统计信息服务中心大数据研究实验室主任江青、清华大学数据科学研究院副院长韩亦舜等联袂推荐,大数据产业革命的到来，意味着未来的世界将构建在数据的基础之上。 假如你是 ●首席执行官，你该如何重新规划未来的商业发展方向； ●首席运营官，你该如何挖掘企业经营中每天产生的数据流的巨大价值； ●首席技术官，你该如何采取切实可行的措施来构建适合大数据的体系架构； ●市场营销人员，你该如何借助大数据构建产品或方案的生态系统，提升用户的黏合度； ●产品或技术总监，你该如何建立起市场反馈机制，构建动态的产品改善环路。 要想将数据资产变成真正的财富，你必须： ● 知道如何制定大数据战略的关键步骤； ● 清楚如何认识数据资产； ● 懂得如何实施业务流程再造； ● 学会如何搭建大数据的体系架构； ● 掌握 30 项数据要素及其注意事项； ● 熟知 54 项大数据模型。,¥59.20,¥75.00, (7.9折) ,托马斯,[2015-06-01],中国人民大学出版社,5.0,245条评论
 数据科学（影印版）,,¥58.40,¥74.00, (7.9折) ,舒特,[2014-09-01],东南大学出版社,5.0,31条评论
 POD-科学计量大数据及其应用,,¥78.00,¥78.00,None,None,[],科学出版社,0.0,0条评论
 中国北方及其毗邻地区综合科学考察数据集,导语_点评_推荐词,¥109.00,¥138.00, (7.9折) ,杨雅萍,[2016-05-01],科学出版社,0.0,0条评论
 大数据与社会科学发展――山东社科理论专家茶座・2016,,¥27.00,¥36.00, (7.5折) ,林建宁,[2017-07-06],山东人民出版社,5.0,5条评论
 中国极地科学考察水文数据图集――北极分册（一）,,¥63.20,¥80.00, (7.9折) ,陈红霞,[2015-06-01],海洋出版社,0.0,4条评论
 Spark高级数据分析Cloudera公司数据科学家团队携手打造，教你用Spark进行大规模数据分析,这是一本实用手册，四位作者均是Cloudera公司的数据科学家，他们联袂展示了利用Spark进行大规模数据分析的若干模式，而且每个模式都自成一体。他们将Spark、统计学方法和真实数据集结合起来，通过实例向读者讲述了怎样解决分析型问题。 本书首先介绍了Spark及其生态系统，接着详细介绍了将分类、协同过滤及异常检查等常用技术应用于基因学、安全和金融领域的若干模式。如果你对机器学习和统计学有基本的了解，并且会用Java、Python或Scala编程，这些模式将有助于你开发自己的数据应用。 本书介绍了以下模式： 音乐推荐和Audioscrobbler数据集 用决策树算法预测森林植被 基于K均值聚类进行网络流量的异常检测 基于潜在语义分析技术分析维基百科 用GraphX分析伴生网络 对纽约出租车轨迹进行空间和时间数据分析,¥46.60,¥59.00, (7.9折) ,里扎,[2015-11-01],人民邮电出版社,5.0,645条评论
 Keras快速上手：基于Python的深度学习实战国际著名数据科学家实战分享，深度学习入门者不可错过，可在 CNTK、 TensorFlow 和 Theano 后台间随意切换,俞栋、张察博士亲笔作序力荐，谷歌、微软、Twitter、Facebook、Airbnb等公司多位资深数据科学家倾情力荐。 本书从如何准备深度学习的环境开始，手把手地教读者如何采集数据，如何运用一些*常用，也是目前被认为*有效的一些深度学习算法来解决实际问题。覆盖的领域包括推荐系统、图像识别、自然语言情感分析、文字生成、时间序列、智能物联网等。不同于许多同类的书籍，本书选择了Keras作为编程软件，强调简单、快速的模型设计，而不去纠缠底层代码，使得内容相当易于理解。读者可以在CNTK、TensorFlow和Theano的后台之间随意切换，非常灵活。即使你有朝一日需要用更低层的建模环境来解决更复杂的问题，相信也会保留从Keras中学来的高度抽象的角度审视你要解决的问题，让你事半功倍。,¥62.40,¥79.00, (7.9折) ,谢梁,[2017-08-01],电子工业出版社,4.5,162条评论
 《中国科学院近海海洋观测研究网络黄海站、东海站观测数据集（2009.06-2010.12）》,,¥101.10,¥128.00, (7.9折) ,刘长华,[2017-11-01],海洋出版社,4.0,1条评论
 数据结构 Python语言描述基于Python语言的数据结构基础编程语法详解 国外高等院校信息科学与技术教材,不管你是程序设计爱好者、计算机专业的学生还是一位专业程序员，本书都是你通过Python编程语言学习面向对象设计和数据结构的不错的入门教程。通过清晰的示例、按部就班的讲解以及众多实用的练习，本书教你通过Python理解并使用数据结构。 ● 使用多态和继承来设计集合类； ● 集合接口的多个实现； ● 不同的集合实现的时间 空间代价分析。,¥54.50,¥69.00, (7.9折) ,Kenneth,[2017-12-01],人民邮电出版社,5.0,8条评论
 横截面与面板数据的计量经济分析（第二版）（经济科学译丛）（上、下册）,导语_点评_推荐词,¥95.00,¥128.00, (7.43折) ,杰弗里・M・伍德里奇,[2016-01-01],中国人民大学出版社,5.0,258条评论
 风控：大数据时代下的信贷风险管理和实践大数据风控是互联网金融乃至传统金融风险控制的必然趋势，它的发展将会给金融领域带来巨大福音。,大数据、风控、信用，是互联网金融发展的必解题。本书对互联网金融中的信贷风险及控制进行了全面探讨，理论与实践相结合，适合银行、信用保证保险、消费金融、P2P、小贷公司、互联网金融、大数据风控等从业人员，以及有意从事金融工作的人员阅读与参考。,¥36.80,¥49.00, (7.52折) ,王军伟,[2017-08-01],电子工业出版社,4.0,169条评论
 中国极地科学考察水文数据图集概论,为了对业已完成的考察工作进行全面的总结，并便于海洋研究人员全面系统掌握和利用水文数据开展相关研究及分析工作，在中国极地研究中心数据中心的大力支持下，以南北极物理海洋学考察中获得的CTD水文观测数据为基础，编制了中国极地科学考察水文系列图集。《中国极地科学考察水文数据图集概论》（作者:陈红霞、刘娜、张洁、汪大立、林丽娜）是对整体情况典型情况予以概述的概论部分。希冀受益者不仅是参加了各次考察的物理海洋组成员，也包括相关专业的科研人员、组织单位与数据管理人员。,¥47.40,¥60.00, (7.9折) ,陈红霞,[2014-04-01],海洋出版社,5.0,2条评论
 C++数据结构与算法(第4版)（国外计算机科学经典教材）,,¥63.00,¥79.80, (7.9折) ,乔兹德克,[2014-10-01],清华大学出版社,5.0,1182条评论
 Spark与Hadoop大数据分析数据科学家参考指南，深度剖析了如何利用高效的Spark提升Hadoop生态系统的实时性，提升大数据处理能力,,¥46.60,¥59.00, (7.9折) ,文卡特・安卡姆,[2017-07-03],机械工业出版社,0.5,35条评论
 基于R语言的自动数据收集：网络抓取和文本挖掘实用指南,,¥78.20,¥99.00, (7.9折) ,西蒙・蒙策尔特,[2016-03-15],机械工业出版社,5.0,331条评论
 食物信息图 : 看得见味道的食物百科大人孩子都爱看的美食百科！一本让你流口水的书！知识变得好玩，数据变得有趣。200余幅信息图，1700多种世界食材、饮品、佳肴，3分钟了解一种食物。科学挑选好食材，美味健康两不误。,懂得食物 才能吃得讲究 吃得健康 2015年英国十大美食书之一随手翻开一页，5分钟就能把一种食物彻底 吃透 科学选购好食材，健康美味两不误 ★200余张内涵丰富的信息图，1700多种食材 饮品 菜肴，让你边看边擦口水的食物百科：每一页都介绍一种食物的来龙去脉，牛排、红酒、咖啡、茶、意大利面、冰激凌、甜甜圈、提拉米苏、马卡龙、广式早茶、蘑菇、鱼类、坚果、蜂蜜、巧克力、法式煎饼、寿司、拉面、皮塔饼、松露、番红花、橄榄油 助你实现 吃遍全球 的小目标。 ★数据可视化设计，全新阅读体验：极具视觉冲击力的信息图清晰明了、直观易懂，筛选真正对读者有用的信息，巧妙地将其呈现。吸收知识的过程也可以像看电影一样成为一种视觉享受。 ★趣味十足的新式百科，亲子互动欢乐不停：徜徉丰富多彩的食物王国，激发孩子对食物相关的生物科学,¥67.40,¥128.00, (5.27折) ,劳拉・罗,[2017-03-01],北京联合出版公司,4.5,4085条评论
 轻松搞定电力设备大数据分析――Tableau Desktop在电力系统中的应用一本书搞定电力设备大数据分析,,¥31.60,¥40.00, (7.9折) ,南方电网科学研究院有限责任公司,[2017-11-01],中国电力出版社,0.0,0条评论
 二十四节气志中国气象先生宋英杰潜心十年诚意之作，一本结合文化+大数据+气象科学的节气百科。原来节气可以这样看！秦大河、马未都、白岩松、梁冬、樊登、俞白眉 联袂推荐！,中国气象先生宋英杰潜心十年诚意之作， 一本结合文化 大数据 气象科学的节气百科， 既传承古人时间智慧，更用现代的海量数据对节气做验证与解读。 秦大河、马未都、白岩松、梁冬、樊登、俞白眉 联袂推荐！ 二十四节气，是我们内心记录生活律动的方式， 是历法之外的历法，是岁时生活的句读和标点。,¥51.00,¥68.00, (7.5折) ,宋英杰,[2017-10-01],中信出版社,5.0,278条评论
 数据新常态：如何赢得指数级增长的先机（清华大学副校长兼数据科学研究院管委会主任杨斌，亚信集团董事长、宽带资本董事长田溯宁，阿里巴巴集团副总裁、数据委员会会长车品觉，电子科技大学教授、互联网科学中心主任周涛联袂重磅推荐）,在科技和互联网领域，有一股暗流正在涌动，它就是：数据的指数级大爆发。随着大数据分析和应用技术的进一步成熟，传统的类如ERP系统等管理工具已然不再适用于企业今日要应对的数据浪潮，新的商业范式已经成型。指数思维引领出了一种商业上的新常态，成为当今企业迎战数字未来的利器。 在《数据新常态》一书中，作者克里斯 苏达克带领读者直击大数据前沿，进一步洞悉数据大爆发的6大根源 移动互联、虚拟生活、数字商业、在线娱乐、云计算、数据分析，并在此基础上，构建了场景化、社交化、量化、应用化、云化、和物联网化等6个大数据成熟度模型，以帮助企业了解由这些趋势构建起的商业新秩序，赢得指数级增长的先机。在数据以指数级速度大爆发的风暴中，只有能作出深度回应的企业才能获得发展的 指南针 和 救生衣 。 *后，苏达克,¥41.20,¥54.90, (7.51折) ,苏达克,[2015-03-01],浙江人民出版社,5.0,394条评论
 文献机读目录数据处理手册,,¥79.00,¥100.00, (7.9折) ,中国科学文献情报中心,[1999-07-01],中央广播电视大学出版社,0.0,3条评论
 模具设计与制造简明手册（第四版）一部再版重印多次；数据来源权威可靠，图表丰富、清晰实用，手册简明便查、制作精良的模具设计与制造专业工具书,工业4.0、智能制造、互联网+时代，本手册出版恰逢其时。模具是电子、电器、轻工、机械类产品的重要工艺装备，只有采用先进、高效的模具才能实现工业产品的大批量生产。当下我国模具制造业正处于飞速发展时期，工业产品市场对模具设计和制造工具书有强近需求。 数据来源可靠、图表丰富清晰、手册简明便查。全书各类数据设计表近1000张、图例典型结构近400幅，附录并列出模具术语英汉对照400条左右。 更新标准、精选内容、优化体系。全部标准，都更新为截至目前新近颁布的；所有内容，突出重点、体现实用、尽量丰富。 再版重印多次，深受读者欢迎。作为专业工具书，再版重印多次、印刷累计达15万余册，有较稳定和较强的市场需求。 可选作大中专院校模具专业教材和毕业设计指导手册。除了供行业企业模具设计制造技术人员查阅使用，本手,¥155.90,¥198.00, (7.88折) ,冯炳尧,[2015-10-01],上海科学技术出版社,5.0,148条评论
 常见食物营养百科――告诉你经过科学验证的食物营养秘密风靡全美的超级食物，堪比《营养圣经》的经典书籍，解放军309医院营养科前主任张晔、北京协和医院营养科营养师李宁联袂力荐，美国国家医学图书馆和国立卫生研究院数据支持，一本书告诉你隐藏在食物里的健康秘密。,《常见食物营养百科：告诉你经过科学验证食物营养秘密》 由美国著名饮食营养专家托妮娅 莱恩哈德所著，作者是一名专业的营养专家，着力于研究饮食营养。本书是从 现代医学、科学营养 方面进行讲解，书中所用到的科学研究、科学依据均来自于文献服务检索系统实用程序、美国国家医学图书馆和国立卫生研究院的数据库，保证其科学性和权威性，对营养餐桌非常具有指导价值。,¥60.50,¥88.00, (6.88折) ,Tonia,[2016-01-01],电子工业出版社,5.0,723条评论
 信息通信技术百科全书―打开信息通信之门,中兴通讯学院编著的这本《信息通信技术百科全书--打开信息通信之门(精)》实质上是对我国通信业务、技术和管理工作进行科学、系统、完整地总结、综合、整理和提高的过程，特别是在世界新科技革命蓬勃发展的今天，信息通信已成为高新技术开发和应用*快的产业系统之一。因此，书中在荟萃整个通信领域各个学科知识的同时，需要努力跟踪和反应世界新科技革命在信息产业系统的进程和成功，为读者提供适时有效的服务。,¥290.70,¥368.00, (7.9折) ,中国通信学会信息通信科学传播专家团队组,[2015-03-01],人民邮电出版社,5.0,26条评论
 大数据分析原理与实践基于阿里云技术全面介绍大数据分析的原理与实践,,¥62.40,¥79.00, (7.9折) ,王宏志,[2017-07-07],机械工业出版社,5.0,21条评论
 数据挖掘：概念与技术（原书第3版）,点击查看： 精彩推荐： Java核心技术 卷II 高级特性 （第9版 中文版） 数据挖掘领域**里程碑意义的经典著作 完整全面阐述该领域的重要知识和技术创新,¥62.40,¥79.00, (7.9折) ,Jiawei,[2012-08-01],机械工业出版社,4.5,10447条评论
 贝叶斯思维 统计建模的Python学习法机器学习 人工智能 数据分析从业者大数据时代的技能基础 Think Stats和Think Python图书作者重磅出击 数据分析师 数据工程师 数据科学家案头常备,贝叶斯方法正在变得越来越常见与重要，但是却没有太多可以借鉴的资料来帮助初学者。基于Allen Downey在大学讲授的本科课程，本书的计算方法能帮助你获得一个良好的开端。 使用已有的编程技巧学习和理解贝叶斯统计 处理估计、预测、决策分析、假设的证据、假设检验等问题 从简单的例子开始，包括硬币问题、M Ms豆问题、《龙与地下城》勇士投骰子问题、彩弹游戏和冰球比赛问题 学习计算方法，解决诸如SAT分数含义、模拟肾肿瘤和人体微生物建模问题,¥38.70,¥49.00, (7.9折) ,Allen,[2015-04-01],人民邮电出版社,5.0,1979条评论
 数据结构与算法分析：Java语言描述（原书第3版）国际著名计算机教育专家Weiss数据结构与算法Java描述经典教材新版，把算法分析与高效率的Java程序的开发有机地结合起来，深入分析每种算法。,,¥54.50,¥69.00, (7.9折) ,马克・艾伦・维斯,[2016-03-07],机械工业出版社,4.5,2951条评论
 妙趣横生的统计学 培养大数据时代的统计思维（第四版）大数据时代不可多得的“数学老师”！拒绝枯燥乏味的理论与公式，揭示数据之下隐藏的统计学之美，轻松提高你的统计思维能力！,合作学习和单独学习，哪个获得的分数更高？ 小学四年级的学生可以用统计学做什么？ 开车时打电话与酒驾一样危险吗？ 坐飞机和开车，哪种方式更安全？ 服用维生素C能否预防感冒？ 我们是不是比父母更聪明？ 钻石越重，价格就越高吗？ 什么导致全球变暖？ 你觉得统计学与现实生活毫不相关？ 其实， 统计学就在你身边。 阅读本书， 让我们开启一段精彩绝伦的统计思维之旅！,¥47.10,¥69.00, (6.83折) ,杰弗里・班尼特,[2016-09-01],人民邮电出版社,4.5,538条评论
 少儿科学实验全知道（全四册）与小学科学课程（人教版）同步的少儿科普书，不仅温故课堂知识，还可以拓展课外常识。观察细节→调查数据→亲手实验，了解科学知识的同时，更学会探索和验证科学的方法，354个小实验让孩子从小爱科学。,1.涵盖生物、物理、化学三大科学领域 2.与小学科学课程同步的少儿科普书，不仅温故课堂知识，还可以拓展课外常识 3.生动直观的实验图片和插图，如同亲自动手做实验 4.从准备材料到得到结果一网打尽实验全过程 5.观察细节 调查数据 亲手实验，了解科学知识的同时，更学会探索和验证科学的方法,¥71.80,¥119.60, (6.01折) ,梁一镐,[2014-07-01],北京联合出版公司,5.0,1250条评论
 [3D电子书]南京师范大学地理科学学院860数据库系统概论历年考研真题汇编(仅适用PC阅读),,¥10.00,None,None,圣才电子书,[2014-01-23],圣才教育,0.0,0条评论
 社会蓝皮书:2018年中国社会形势分析与预测中国社会科学院创新工程2017年度重大成果，中国社会学领域专家、学者以及国家政府研究人员合力撰写，连续20余年深度调查中国社会民生数据，解析经济社会运行发展总体格局及热点问题。,《社会蓝皮书:2018年中国社会形势分析与预测》是中国社会科学院 社会形势分析与预测 课题组2018年度分析报告（社会蓝皮书），由中国社会科学院社会学研究所组织研究机构专家、高校学者以及国家政府研究人员撰写。 本报告以 新时代的社会发展 为主题，分析了2017年中国经济社会发展的形势，指出在运行发展总体格局良好的同时也面临诸多难题和挑战。报告认为，2017年，党的大会的胜利召开，为全面实现小康社会之后的中国描绘了新的现代化强国的宏伟蓝图。改革开放以来，尤其是党的十八大以来，中国经济社会发展成效显著。2017年，中国经济社会保持良好的全面发展态势且亮点纷呈。国民经济平稳增长，供给侧结构性改革初见成效；民生支出继续提升，城乡居民收入持续增长；社会保障覆盖范围继续扩大，精准扶贫成就显著。中国特色社会主义进入新时,¥70.30,¥89.00, (7.9折) ,李培林,[2017-12-01],社会科学文献出版社,5.0,1条评论
 南京师范大学教育科学学院829数据结构历年考研真题汇编(电子书),,¥7.62,None,None,圣才电子书,[2015-12-07],圣才电子书,0.0,0条评论
 图分析与可视化：在关联数据中发现商业机会,,¥94.00,¥119.00, (7.9折) ,理查德,[2016-03-17],机械工业出版社,4.5,118条评论
 [3D电子书]南京师范大学教育科学学院829数据结构历年考研真题汇编(仅适用PC阅读),,¥10.00,None,None,圣才电子书,[2014-01-23],圣才教育,0.0,0条评论
 南京师范大学地理科学学院860数据库系统概论历年考研真题汇编(电子书),,¥7.62,None,None,圣才电子书,[2015-12-07],圣才电子书,0.0,0条评论
 数据库系统概念(原书第6版)（数据库系统方面的经典教材，被国外许多知名大学采用。决战大数据时代！IT技术人员不得不读！,数据库领域的殿堂级作品 夯实数据库理论基础，增强数据库技术内功的必备之选 对深入理解数据库，深入研究数据库，深入操作数据库都具有极强的指导作用！,¥69.10,¥99.00, (6.98折) ,西尔伯沙茨,[2012-05-01],机械工业出版社,4.5,5290条评论
 暨南大学信息科学技术学院830数据结构历年考研真题汇编(电子书),,¥15.00,None,None,圣才电子书,[2016-09-29],圣才电子书,0.0,0条评论
 数据挖掘导论(完整版)详解数据挖掘概念与技术 为数据化运营实战打好基础 信息管理专家 科技作家涂子沛倾情推荐 带你进入真正的大数据时代,推荐购买套装： 大数据：互联网大规模数据挖掘与分布式处理 数据挖掘导论(完整版)(套装共2册)(超值附赠《码农》光盘1张) 本书全面介绍了数据挖掘，涵盖了五个主题：数据、分类、关联分析、聚类和异常检测。除异常检测外，每个主题都有两章。前一章涵盖基本概念、代表性算法和评估技术，而后一章讨论高级概念和算法。这样读者在透彻地理解数据挖掘的基础的同时，还能够了解更多重要的高级主题。 《数据挖掘导论(完整版)》是明尼苏达大学和密歇根州立大学数据挖掘课程的教材，由于独具特色，正式出版之前就已经被斯坦福大学、得克萨斯大学奥斯汀分校等众多名校采用。《数据挖掘导论(完整版)》特色与许多其他同类图书不同，《数据挖掘导论(完整版)》将重点放在如何用数据挖掘知识解决各种实际问题。 只要求具备很,¥54.50,¥69.00, (7.9折) ,陈封能,[2011-01-01],人民邮电出版社,4.5,5569条评论
 中南大学信息科学与工程学院943数据结构历年考研真题汇编(电子书),,¥7.62,None,None,圣才学习网,[2015-11-25],圣才教育,5.0,1条评论
 暨南大学信息科学技术学院830数据结构历年考研真题汇编(电子书),,¥6.10,None,None,圣才学习网,[2015-08-30],圣才教育,3.0,2条评论
 Hadoop大数据实战权威指南,,¥53.70,¥68.00, (7.9折) ,黄东军,[2017-07-01],电子工业出版社,4.5,15条评论
 2017年全国硕士研究生入学统一考试计算机科学与技术学科联考数据结构题库【历年真题＋章节题库＋模拟试题】(电子书),,¥3.81,None,None,圣才电子书,[2016-02-25],圣才电子书,0.0,0条评论
 [3D电子书]复旦大学信息科学与工程学院879数据结构、操作系统和网络历年考研真题汇编(仅适用PC阅读),,¥10.00,None,None,圣才电子书,[2014-01-23],圣才教育,0.0,0条评论
 复旦大学信息科学与工程学院879数据结构、操作系统和网络历年考研真题汇编(电子书),,¥7.62,None,None,圣才电子书,[2015-12-05],圣才电子书,5.0,1条评论
 [3D电子书]中南大学信息科学与工程学院943数据结构历年考研真题汇编(仅适用PC阅读),,¥10.00,None,None,圣才学习网,[2014-01-23],圣才教育,0.0,0条评论
 [3D电子书]暨南大学信息科学技术学院830数据结构历年考研真题汇编(仅适用PC阅读),,¥8.00,None,None,圣才学习网,[2014-01-23],圣才教育,0.0,0条评论
 [3D电子书]湖南大学信息科学与工程学院866数据结构历年考研真题汇编(仅适用PC阅读),,¥8.00,None,None,圣才学习网,[2014-01-23],圣才教育,0.0,0条评论
 武汉理工大学计算机科学与技术学院852数据结构（C语言版）历年考研真题汇编(电子书),,¥6.10,None,None,圣才学习网,[2015-11-25],圣才教育,5.0,1条评论
 [3D电子书]武汉理工大学计算机科学与技术学院852数据结构（C语言版）历年考研真题汇编(仅适用PC阅读),,¥8.00,None,None,圣才学习网,[2014-01-23],圣才教育,5.0,1条评论
 华侨大学计算机科学与技术学院849数据库系统原理历年考研真题汇编(电子书),,¥3.81,None,None,圣才学习网,[2015-09-08],圣才教育,0.0,0条评论
 数据科学导引,,¥88.00,¥88.00,None,欧高炎,[2017-12-01],高等教育出版社,0.0,0条评论
 广西师范大学计算机科学与信息工程学院826数据结构（含C程序设计）历年考研真题汇编(电子书),,¥3.81,None,None,圣才电子书,[2015-12-05],圣才电子书,0.0,0条评论
 山东科技大学信息科学与工程学院823数据结构与操作系统历年考研真题汇编(电子书),,¥6.10,None,None,圣才学习网,[2015-09-01],圣才教育,0.0,0条评论
 [3D电子书]南京工业大学计算机科学与技术学院828数据结构与操作系统历年考研真题汇编(仅适用PC阅读),,¥5.00,None,None,圣才电子书,[2014-01-23],圣才教育,0.0,0条评论
 南京工业大学计算机科学与技术学院828数据结构与操作系统历年考研真题汇编(电子书),,¥3.81,None,None,圣才电子书,[2015-12-11],圣才电子书,0.0,0条评论
 [3D电子书]华侨大学计算机科学与技术学院849数据库系统原理历年考研真题汇编(仅适用PC阅读),,¥5.00,None,None,圣才学习网,[2014-01-23],圣才教育,0.0,0条评论
 [3D电子书]浙江工业大学教育科学与技术学院885数据结构（C语言版）历年考研真题汇编(仅适用PC阅读),,¥5.00,None,None,圣才学习网,[2014-01-23],圣才教育,0.0,0条评论
 大连海事大学信息科学技术学院811数据结构历年考研真题汇编(电子书),,¥3.81,None,None,圣才电子书,[2015-12-11],圣才电子书,5.0,1条评论
 [3D电子书]河北工业大学计算机科学与软件学院802数据结构历年考研真题汇编(仅适用PC阅读),,¥5.00,None,None,圣才学习网,[2014-01-23],圣才教育,0.0,0条评论
 西北大学信息科学与技术学院851数据结构[专业硕士]历年考研真题汇编(电子书),,¥3.81,None,None,圣才电子书,[2015-12-11],圣才电子书,0.0,0条评论
 [3D电子书]西南交通大学信息科学与技术学院959数据结构[专业硕士]历年考研真题汇编(仅适用PC阅读),,¥8.00,None,None,圣才电子书,[2014-01-23],圣才教育,5.0,4条评论
 西南交通大学信息科学与技术学院959数据结构[专业硕士]历年考研真题汇编(电子书),,¥6.10,None,None,圣才电子书,[2015-12-11],圣才电子书,0.0,0条评论
 [3D电子书]山东理工大学计算机科学与技术学院880组成原理与数据结构历年考研真题汇编(仅适用PC阅读),,¥8.00,None,None,圣才电子书,[2014-01-23],圣才教育,0.0,0条评论
 [3D电子书]山东科技大学信息科学与工程学院823数据结构与操作系统历年考研真题汇编(仅适用PC阅读),,¥8.00,None,None,圣才学习网,[2014-01-23],圣才教育,0.0,0条评论
 [3D电子书]沈阳工业大学信息科学与工程学院808数据结构历年考研真题汇编(仅适用PC阅读),,¥5.00,None,None,圣才学习网,[2014-01-23],圣才教育,0.0,0条评论
 Spark大数据处理： 原理、算法与实例北京邮电大学数据科学中心倾力打造，清华大数据研究院鼎力推荐,Spark被称为大数据处理王者技术Hadoop的真正挑战者。本书以丰富示例介绍Spark程序和数据挖掘算法设计，更好地帮助Spark开发者提高学习效率。,¥38.70,¥49.00, (7.9折) ,刘军,[2016-09-28],清华大学出版社,5.0,67条评论
 南京航空航天大学计算机科学与技术学院922数据结构与操作系统[专业硕士]历年考研真题汇编(电子书),,¥3.81,None,None,圣才学习网,[2015-09-08],圣才教育,0.0,0条评论
 [3D电子书]西北大学信息科学与技术学院851数据结构[专业硕士]历年考研真题汇编(仅适用PC阅读),,¥5.00,None,None,圣才电子书,[2014-01-23],圣才教育,0.0,0条评论
 [3D电子书]大连海事大学信息科学技术学院811数据结构历年考研真题汇编(仅适用PC阅读),,¥5.00,None,None,圣才电子书,[2014-01-23],圣才教育,0.0,0条评论
 山东理工大学计算机科学与技术学院880组成原理与数据结构历年考研真题汇编(电子书),,¥6.10,None,None,圣才电子书,[2015-12-10],圣才电子书,0.0,0条评论
 [3D电子书]南京航空航天大学计算机科学与技术学院922数据结构与操作系统[专业硕士]历年考研真题汇编(仅适用PC阅读,,¥5.00,None,None,圣才学习网,[2014-01-23],圣才教育,0.0,0条评论
 河北工业大学计算机科学与软件学院802数据结构历年考研真题汇编(电子书),,¥3.81,None,None,圣才学习网,[2015-09-08],圣才教育,5.0,1条评论
 [3D电子书]广西师范大学计算机科学与信息工程学院826数据结构（含C程序设计）历年考研真题汇编(仅适用PC阅读),,¥5.00,None,None,圣才电子书,[2014-01-23],圣才教育,0.0,0条评论
 曲阜师范大学信息科学与工程学院859数据结构[专业硕士]历年考研真题汇编(电子书),,¥3.81,None,None,圣才电子书,[2015-12-11],圣才电子书,0.0,0条评论
 [3D电子书]西南交通大学信息科学与技术学院840数据结构与程序设计历年考研真题汇编(仅适用PC阅读),,¥5.00,None,None,圣才电子书,[2014-01-23],圣才教育,0.0,0条评论
 沈阳工业大学信息科学与工程学院808数据结构历年考研真题汇编(电子书),,¥3.81,None,None,圣才学习网,[2015-09-01],圣才教育,0.0,0条评论
 [3D电子书]华侨大学计算机科学与技术学院850数据结构与C＋＋[专业硕士]历年考研真题汇编(仅适用PC阅读),,¥5.00,None,None,圣才学习网,[2014-01-23],圣才教育,0.0,0条评论
 [3D电子书]中国海洋大学信息科学与工程学院807数据结构历年考研真题汇编(仅适用PC阅读),,¥5.00,None,None,圣才电子书,[2014-01-23],圣才教育,0.0,0条评论
 太原科技大学计算机科学与技术学院827数据库原理历年考研真题汇编(电子书),,¥3.81,None,None,圣才电子书,[2015-12-10],圣才电子书,0.0,0条评论
 [3D电子书]曲阜师范大学信息科学与工程学院859数据结构[专业硕士]历年考研真题汇编(仅适用PC阅读),,¥5.00,None,None,圣才电子书,[2014-01-23],圣才教育,0.0,0条评论
 [3D电子书]太原科技大学计算机科学与技术学院827数据库原理历年考研真题汇编(仅适用PC阅读),,¥5.00,None,None,圣才电子书,[2014-01-23],圣才教育,0.0,0条评论
 2018年全国硕士研究生入学统一考试计算机科学与技术学科联考数据结构考点归纳与典型题（含历年真题）详解(电子书),,¥3.81,None,None,圣才电子书,[2016-02-23],圣才电子书,5.0,3条评论
 [3D电子书]山东师范大学信息科学与工程学院914数据结构B[专业硕士]历年考研真题汇编(仅适用PC阅读),,¥5.00,None,None,圣才学习网,[2014-01-23],圣才教育,0.0,0条评论
 西安理工大学计算机科学与工程学院863数据结构历年考研真题汇编(电子书),,¥3.81,None,None,圣才学习网,[2015-11-26],圣才教育,5.0,1条评论
 山东师范大学信息科学与工程学院914数据结构B[专业硕士]历年考研真题汇编(电子书),,¥3.81,None,None,圣才学习网,[2015-09-01],圣才教育,0.0,0条评论
 数据挖掘与分析 概念与算法数据挖掘与分析入门书 讲解了数据挖掘概念与技术 专注于数据挖掘与分析的基本概念和算法 融合机器学习 统计学等相关学科知识 涵盖频繁模式挖掘 聚类 分类等经典算法,● 数据挖据与分析的入门书，针对初学者阐述所有关键概念，包括探索性数据分析、频繁模式挖掘、聚类和分类。 ● 兼顾前沿话题，例如核方法、高维数据分析、复杂图和网络等。 ● 提供算法对应的开源实现方法。 ● 每章均有丰富示例和练习，帮助读者理解和巩固相关主题。 ● 配备丰富教辅资源，包括课程幻灯片、教学视频、数据集等，可从以下网址获取：http://www.dataminingbook.info/pmwiki.php/Main/BookResources。,¥101.90,¥129.00, (7.9折) ,穆罕默德・扎基,[2017-08-01],人民邮电出版社,4.5,22条评论
 2016年全国硕士研究生入学统一考试计算机科学与技术学科联考数据结构题库【历年真题＋章节题库＋模拟试题】(仅适用PC阅,,¥8.00,None,None,圣才学习网,[2015-07-01],圣才教育,0.0,0条评论
 [3D电子书]西安理工大学计算机科学与工程学院863数据结构历年考研真题汇编(仅适用PC阅读),,¥5.00,None,None,圣才学习网,[2014-01-23],圣才教育,0.0,0条评论
 西南交通大学信息科学与技术学院840数据结构与程序设计历年考研真题汇编(电子书),,¥3.81,None,None,圣才电子书,[2015-12-10],圣才电子书,5.0,1条评论
 商务智能：数据分析的管理视角（原书第3版）,,¥54.50,¥69.00, (7.9折) ,沙尔达,[2015-03-01],机械工业出版社,5.0,149条评论
 中国海洋大学信息科学与工程学院807数据结构历年考研真题汇编(电子书),,¥3.81,None,None,圣才电子书,[2015-12-09],圣才电子书,0.0,0条评论
 华侨大学计算机科学与技术学院850数据结构与C＋＋[专业硕士]历年考研真题汇编(电子书),,¥3.81,None,None,圣才学习网,[2015-09-08],圣才教育,5.0,1条评论
 极简概率学：大数据时代，不犯错的决策智慧大数据时代必备的解读力，后真相世界急需的思辨术，助你预见黑天鹅，洞察灰犀牛，英国皇家统计学会研究员、英国皇家天文学会研究员、《BBC聚焦》栏目科学顾问揭开日常现象背后的概率真相,英国皇家统计学会研究员、英国皇家天文学会研究员、《BBC聚焦》栏目科学顾问揭开被忽略的概率真相，给你 大数据时代必备的解读力 后真相世界急需的思辨术 助你预见黑天鹅，洞察灰犀牛 《泰晤士报》 在这个比以往更需要有魅力的 数学大使 的时代，马修斯撰写了一本非常有意义的书。 亚瑟 本杰明 《生活中的魔法数学》作者 《极简概率学》里面充满了令人意想不到的洞见，包含*性的本质、大自然的*性，以及当涉及不确定性时，人类容易被误导的天性。这本书叙事明了、风趣幽默，专为外行人所写。针对大数据和统计数据的滥用，这本书将为你提供实用的建议，你将会在这里找到有价值的信息。这个大好机会着实不容错过！ 大卫 J. 汉德 《概率原理》作者 本书展示了现代社会中我们需要理解的关于概率与数据的一些基本知识。他通,¥37.40,¥49.80, (7.52折) ,罗伯特,[2017-12-01],广东人民出版社,0.0,1条评论
 经济数据背后的财富密码著名经济学家巴曙松、重阳投资董事长裘国根、嘉实基金CIO邵健联名推荐,,¥50.40,¥68.00, (7.42折) ,李迅雷,[2017-06-26],经济科学出版社,4.5,1608条评论
 [3D电子书]2017年全国硕士研究生入学统一考试计算机科学与技术学科联考数据结构题库【历年真题＋章节题库＋模拟试题】,,¥5.00,None,None,圣才电子书,[2014-01-23],圣才教育,5.0,1条评论
 大数据架构和算法实现之路：电商系统的技术实战热销图书《大数据架构商业之路》的续作，深入解析大数据架构和算法在电商环境中的技术实现。作者是美国杰出人才、IBM资深科学家、微软学者，本书集其10多年科研经验之大成。,,¥62.40,¥79.00, (7.9折) ,黄申,[2017-06-13],机械工业出版社,5.0,32条评论
 2016年全国硕士研究生入学统一考试计算机科学与技术学科联考数据结构考点归纳与典型题（含历年真题）详解(仅适用PC阅读,,¥5.00,None,None,圣才学习网,[2015-07-01],圣才教育,0.0,0条评论
 建筑材料热物理性通报与数据手册,本书整理了近20年来新型墙体材料、绝热材料热工性能数据，同时沿用了20世纪80年代由中国建筑科学研究院建筑物理研究所沈韫元、白玉珍、陈玉梅、谈庆华等四人编写的《建筑材料热物理性能》一书，并参考了一些国内外重要文献资料编写而成，对我国工业与民用建筑物节能有指导意义。 编者力图把近50年来的研究成果和试验结果以及国内外有价值的相关资料同读者共享，供广大同行应用。,¥17.30,¥22.00, (7.87折) ,中国建筑科学研究院建筑物理研究所周辉,[2010-08-01],中国建筑工业出版社,4.5,22条评论
 [3D电子书]圣才学习网・2015年全国硕士研究生入学统一考试计算机科学与技术学科联考数据结构题库【历年真题＋章节题库,特别提醒：购买后，下载并打开，使用当当网账号激活即可永久使用，一本书只能在一台电脑上激活！为了帮助参加2015年考研计算机联考的考生深入把握考点，提高专业课成绩，我们根据国家教育部考试中心颁布的《全国硕士研究生入学统一考试计算机科学与技术学科联考计算机学科专业基础综合考试大纲》的要求，认真研究了考研计算机联考的历年真题，并参考了大量计算机专业相关资料和文献，编写了“2015年考研计算机联考辅导系列”参考用书：1．[3D电子书]全国硕士研究生入学统一考试计算机科学与技术学科联考计算机学科专业基础综合历年真题及模拟试题详解2．[3D电子书]全国硕士研究生入学统一考试计算机科学与技术学科联考数据结构考点归纳与典型题（含历年真题）详解3．[3D电子书]全国硕士研究生入学统一考试计算机科学与技术学科联考数据结构题,¥8.00,None,None,圣才学习网,[2014-01-23],圣才教育,5.0,2条评论
 数据结构与算法分析：C语言描述（原书第2版）,本书讨论数据结构和算法分析。数据结构主要研究组织大量数据的方法，而算法分析则是对算法运行时间的评估。随着计算机的速度越来越快，对于能够处理大量输入数据的程序的需求变得日益急切。可是，由于在输入量很大的时候，程序的低效率现象变得非常明显，因此这又要求对效率问题给予更仔细的关注。通过在实际编程之前对算法的分析，学生可以决定一个特定的解法是否可行。例如，学生在本书中将读到一些特定的问题并看到精心的实现方法是如何把对大量数据的时间限制从16年减至不到1秒的。因此，若无运行时间的阐释，就不会有算法和数据结构的提出。 本书是国外数据结构与算法分析方在的标准教材，介绍了数据结构（大量数据的组织方法）以及算法分析（算法运行时间的估算）。本书的编写目标是同时廛授好的程序设计和算,¥27.00,¥35.00, (7.72折) ,维斯,[2004-01-01],机械工业出版社,4.5,10938条评论
 学习JavaScript数据结构与算法 第2版数据结构与算法分析入门书 含ES6 ES7新功能 用JS学习常用的数据结构和算法 高效解决计算机科学中的常见问题,数据结构是计算机为了高效地利用资源而组织数据的一种方式。数据结构和算法是解决一切编程问题的基础。 本书首先介绍了JavaScript语言的基础知识，接着讨论了数组、栈、队列和链表等重要的数据结构，随后分析了集合、字典和散列表的工作原理，接下来阐述了什么是树以及如何使用二叉树和二叉搜索树，然后介绍了图、DFS和BFS算法，以及各种排序（冒泡排序、选择排序、插入排序、归并排序、快速排序等）和搜索（顺序搜索、二分搜索）算法，zui后介绍了动态规划和贪心算法等高ji算法。 相较上一版，这一版新增了ES6和ES7的新功能介绍，补充了ES6的当前实现。同时拓展了对树、图、排序算法、动态规划和贪心算法的讨论，增加了AVL树、Dijkstra算法、Floyd-Warshall算法、Prim算法、Kruskal算法、堆排序、分布式排序、背包问题、矩阵链相乘等内容。此外还概述了函数,¥38.70,¥49.00, (7.9折) ,洛伊安妮・格罗纳,[2017-09-01],人民邮电出版社,5.0,16条评论
 [3D电子书]圣才学习网・2015年全国硕士研究生入学统一考试计算机科学与技术学科联考数据结构考点归纳与典型题（含历年,特别提醒：购买后，下载并打开，使用当当网账号激活即可永久使用，一本书只能在一台电脑上激活！为了帮助参加2015年考研计算机联考的考生深入把握考点，提高专业课成绩，我们根据国家教育部考试中心颁布的《全国硕士研究生入学统一考试计算机科学与技术学科联考计算机学科专业基础综合考试大纲》的要求，认真研究了考研计算机联考的历年真题，并参考了大量计算机专业相关资料和文献，编写了“2015年考研计算机联考辅导系列”参考用书：1．[3D电子书]全国硕士研究生入学统一考试计算机科学与技术学科联考计算机学科专业基础综合历年真题及模拟试题详解2．[3D电子书]全国硕士研究生入学统一考试计算机科学与技术学科联考数据结构考点归纳与典型题（含历年真题）详解3．[3D电子书]全国硕士研究生入学统一考试计算机科学与技术学科联考数据结构题,¥5.00,None,None,圣才学习网,[2014-01-23],圣才教育,5.0,1条评论
 POD-大数据时代下新型工业化发展（英文版）按需印刷商品，发货时间20天，非质量问题不接受退换货。,POD产品说明： 1. 本产品为按需印刷（POD）图书，实行先付款，后印刷的流程。您在页面购买且完成支付后，订单转交出版社。出版社根据您的订单采用数字印刷的方式，单独为您印制该图书，属于定制产品。 2. 按需印刷的图书装帧均为平装书（含原为精装的图书）。由于印刷工艺、彩墨的批次不同，颜色会与老版本略有差异，但通常会比老版本的颜色更准确。原书内容含彩图的，统一变成黑白图，原书含光盘的，统一无法提供光盘。 3. 按需印刷的图书制作成本高于传统的单本成本，因此售价高于原书定价。 4. 按需印刷的图书，出版社生产周期一般为15个工作日（特殊情况除外）。请您耐心等待。 5. 按需印刷的图书，属于定制产品，不可取消订单，无质量问题不支持退货。,¥398.00,¥398.00,None,万明,[2017-03-17],科学出版社,0.0,0条评论
 信号与噪声：大数据时代预测的科学与艺术,从海量的大数据中筛选出真正的信号， 黑天鹅 事件也可提前预知！ 统计学或预测是让很多人望而却步的话题，而本书就是关于这个话题的一本有趣的普及读物，棒球比赛、职业扑克牌手、政治选举等例子足以勾起读者的好奇心，甚至会让他们废寝忘食地阅读，而且其中潜藏着帮你做出正确预测的能量。 在大数据时代作预测可能跟你想象的完全不同。这本观点新鲜且原创的书，为我们区分关于未来的预测中哪些是主观现实、哪些是客观现实，哪些是干扰预测的噪声、哪些是有价值的信号，提供了意想不到的启发性视角。作者还指出，只要我们明智地从糟糕的预测中吸取教训，那我们一定会在科学、技术和政治的预测方面取得进步。 这本书与畅销书《黑天鹅》的观点有异曲同工之妙。西尔弗认为，人类对自己的预测能力往往过度自信，以至于他们,¥54.50,¥69.00, (7.9折) ,西尔弗,[2013-08-01],中信出版社,4.5,4590条评论
 数据资产管理 盘活大数据时代的隐形财富国内率先系统阐述数据资产管理概念、理论体系及相关*实践的著作,人类历史上，财富形式持续演变，从石头、贝壳、牛羊、金银等有形资产，发展到股票、*、发明、专利、品牌、商标等无形资产，每一次财富形式的变迁，都带来了全新创富机会，成就着大批广为传颂的富豪名字。大数据时代，数据资产放在是所有人面前的全新机遇，如何定义，怎样把握？工欲善其事必先利其器，数据资产管理能力将是企业、组织、个人，甚至是国家，借助数据资产决胜未来之关键。面对纷繁复杂的商业观点、技术创新，唯有从整体上去把握数据资产管理的全局概貌，明确目标及定位，方能不为谬误所惑，始终在做正确的事情。,¥45.00,¥59.00, (7.63折) ,高伟,[2016-03-16],机械工业出版社,5.0,256条评论
 健康医疗大数据：理论与实践,近距离行业洞察，35年行业积累，20例深度揭秘；本书的主编卢朝霞女士，作为东北大学的资深教授，我国大健康和信息化领域著名的专家学者，以及东软集团的高级副总裁，她既具备非常深厚的专业背景和理论功底，同时也拥有数十年所积累的非常丰富的企业实践经验。,¥38.70,¥49.00, (7.9折) ,卢朝霞,[2017-06-01],电子工业出版社,5.0,52条评论
 苏州大学计算机科学与技术学院839管理信息系统与数据结构历年考研真题汇编(电子书),,¥3.81,None,None,圣才电子书,[2015-12-10],圣才电子书,0.0,0条评论
 [3D电子书]国防科学技术大学信息系统与管理学院852数据结构历年考研真题汇编(仅适用PC阅读),,¥5.00,None,None,圣才学习网,[2014-01-23],圣才教育,0.0,0条评论
 [3D电子书]苏州大学计算机科学与技术学院839管理信息系统与数据结构历年考研真题汇编(仅适用PC阅读),,¥5.00,None,None,圣才电子书,[2014-01-23],圣才教育,0.0,0条评论
 国防科学技术大学信息系统与管理学院852数据结构历年考研真题汇编(电子书),,¥3.81,None,None,圣才学习网,[2015-11-25],圣才教育,0.0,0条评论
 智能电网大数据中国电力科学研究院大数据团队呕心力作，凝练多年大数据研究实践成果。中国科学院院士周孝信倾力推荐！,l 权威认可，编者团队具有多学科融合视角和丰富的智能电网大数据经验，中国科学院院士周孝信为本书做序； l 科学认知，创新地分析了大数据的哲学观与数学观，并首次总结了智能电网大数据的内涵、重点应用领域与技术体系； l 实践分享，提炼了大数据关键环节的解决方案，与读者共享了多个不同领域的大数据案例； l 行业展望，没有回避智能电网大数据发展过程中的困境与挑战，而是针对未来电网态势提出了发展路径与推进建议。 无论是智能电网大数据的工作人员、研究人员还是管理人员，都可以借鉴到完整的方法论、应用方案、实践经验与工作思路，深入思考如何从对大数据的空泛畅想走向实际应用。 本书可供电力行业从事数据管理、分析和应用的相关工作人员、研究人员学习借鉴，也可为其他行业或高校大数据研究相关领域的读者提供,¥51.30,¥65.00, (7.9折) ,王继业,[2017-02-01],中国电力出版社,4.0,112条评论
 数据质量测量的持续改进,,¥62.40,¥79.00, (7.9折) ,劳拉・塞巴斯蒂安,[2016-05-04],机械工业出版社,4.5,65条评论
 大数据架构商业之路：从业务需求到技术方案作者荣获美国政府颁发的“美国杰出人才”称号。大润发中国区董事长、飞牛网首席执行董事黄明端先生与eBay全球零售科学高级总监逄伟先生作序力荐！将技术与商业需求相结合，深入剖析大数据商业应用中的困惑与难题,作者荣获美国政府颁发的 美国杰出人才 称号。大润发中国区董事长、飞牛网首席执行董事黄明端先生与eBay全球零售科学高级总监逄伟先生作序力荐！ 将技术与商业需求相结合，深入剖析大数据商业应用中的困惑与难题，帮助读者更好地掌握技术支撑业务高速发展的方案！,¥54.50,¥69.00, (7.9折) ,黄申,[2016-05-09],机械工业出版社,5.0,272条评论
 大数据领导干部读本（第2版）,,¥59.20,¥75.00, (7.9折) ,大数据治国战略研究课题组,[2017-08-01],人民出版社,5.0,8条评论
 《大数据时代掘金之道》,锁定十亿消费者，改变行业大布局，数据掘金势不可挡！ ★一部开启新时代财富的迅猛力作！ ★荣获人民日报社“知行合一管控师”称号的贾春涛教授首次权威阐释：数据掘金，互联时代的重要趋势； ★揭开企业利用社会化媒体让营业额倍增的策略； ★大数据时代，老板从“实干家”向“战略家”的转变； ★最具商业价值的经管作品，数据盈利必读之作：企业五行模式的运营之道。,¥566.70,¥680.00, (8.34折) ,None,[],None,5.0,22条评论
 R语言入门与实践将R编程所需的方方面面巧妙融合在三个精心挑选的示例中 助你轻松掌握R语言 为成为杰出的数据科学家奠定坚实基础,亲身实践，完成三个数据分析项目 在计算机内存中存储、检索和更改数据值 编写秒杀普通R用户的程序和模拟 使用if else语句、for循环和S3类等R编程工具 学会如何编写向量化的R代码，提升编程效率 充分利用R的包系统和代码调试工具 在学习的过程中，实践和应用R的诸多编程概念,¥46.60,¥59.00, (7.9折) ,格罗勒芒德,[2016-06-01],人民邮电出版社,5.0,146条评论
 中国文字研究（精选8册）（“CSSCI来源集刊数据库”首批入选集刊 华东师范大学中国文字研究与应用中心主办 及时反映中国文字研究**成果 古文字 中古汉字 古代语言 汉字理论 甲骨文金文 石刻简帛墓砖 少数民族文字）,《中国文字研究》由中华人民共和国教育部主管，教育部人文社会科学重点研究基地华东师范大学中国文字研究与应用中心主办。作为中心的专业学术集刊，《中国文字研究》严格遵循教育部关于重点研究基地创办学术刊物规定的原则。 《中国文字研究》以为文字学及相关领域研究者提供良好服务为己任，及时发布海内外学人的重要研究成果，建立高水平学术交流平台，以此推动中国文字本体研究和跨学科研究的繁荣发展。 为了及时充分反映文字学及相关领域的**研究成果，《中国文字研究》从2007年开始改为一年两辑。主要栏目包括：古文字研究、中古汉字研究、现代汉字研究、汉字数字化研究、汉字规范与应用研究、文字理论研究、古代语言研究、少数民族文字研究、海外文字研究、对外汉字汉语教学研究。其中“汉字规范与应用研究”专栏由华,¥258.80,¥345.00, (7.51折) ,华东师范大学中国文字研究与应用中心,[2011-12-01],大象出版社,4.5,26条评论
 大地图：测绘地理信息大数据理论与实践,,¥109.80,¥139.00, (7.9折) ,孙世友,[2017-12-01],中国环境出版社,0.0,0条评论
 数据结构与算法分析――C++语言描述（第四版）,本版特色如下： *书中的阐述和算法均用C 新标准C 11的代码实现。 *unordered_map两个类模板的简要讨论。 *增加了基数排序和与选择相关问题下界的证明。增加了对AVL树删除算法的实现。使用新的union/find分析同时改进此前各版的较弱的O(Mlog*N)界。,¥70.80,¥89.00, (7.96折) ,Mark,[2016-08-01],电子工业出版社,4.5,149条评论
 pod-地理空间数据可视化按需印刷商品，发货时间20天，非质量问题不接受退换货。,新定价链接：地理空间数据可视化,¥454.00,¥454.00,None,王明孝,[2012-12-01],科学出版社,0.0,0条评论
 城市交通大数据,本书融合了上海交通多年信息化发展的已有成果和经验，充分总结了上海市科委大数据课题《城市交通大数据应用关键技术研究与示范》的研究工作。 本书实践案例丰富，便于读者参考。附录中详细解读了“上海市交通综合信息平台”的建设背景、指导思想和框架、系统总体架构、主要服务对象、主要功能、技术创新特色和未来发展，可为交通领域应用大数据的技术人员和管理人员提供参考。 解决城市拥堵问题的良方之一！ 《城市交通大数据》是《大数据技术与应用》丛书分册之一。 《大数据技术与应用》丛书已被列为“十二五”国家重点图书出版规划项目，在面向经济建设和社会发展重大需求，开展科技成果转化和产学研结合工作的基础上，选择大数据技术应用的重点领域，围绕城市交通、医疗、金融、城市规划等各领域中大数据技术的应用，系统总结了,¥63.00,¥80.00, (7.88折) ,何承,[2015-01-01],上海科学技术出版社,5.0,270条评论
 大数据分析：决胜互联网金融时代大数据落地实践之作，汇集数据专家思想精华，阿里巴巴高级专家团队精心译著，O'Reilly总经理作序，IBM首席科学家等6位专家联袂推荐,O’Reilly 媒体 总经理 Jim Stogdill 倾情作序推荐 IBM研究院首席科学家 Jeff Jonas 美国家得宝公司主席及CEO Frank Blake 美国凯悦酒店首席信息官 Mike Blake 美国职业棒球大联盟媒体公司首席技术官 Joe Choti Kaggle公司创始人及CEO Anthony Goldbloom 佩斯大学客户智能硕士工程创始人之一 Tony Branda 联袂诚意推荐 大数据分析的时代来临了，这将是一场真正的变革。《大数据分析：决胜互联网金融时代》着眼于一些利用令人兴奋的大数据思路支持业务分析的新一代新锐企业。这是一个真正的飞跃，也是一个能实现在效率、生产力、收入和盈利能力等方面产生巨大收益的良机。 《大数据分析：决胜互联网金融时代》为企业经理和管理人员所写，使他们可以*有效地利用信息资源。本书在艰深的战略理论和通俗易懂的示例之间做到平衡，对技术性很强的话题，通过故事、比,¥38.60,¥49.00, (7.88折) ,Michael,[2014-08-01],人民邮电出版社,4.5,1892条评论
 大数据导论,,¥38.70,¥49.00, (7.9折) ,托马斯・埃尔,[2017-05-25],机械工业出版社,4.0,20条评论
 空间计量经济学：从横截面数据到空间面板（经济科学译丛；“十一五”国家重点图书出版规划项目）,,¥23.30,¥32.00, (7.29折) ,J・保罗・埃尔霍斯特,[2015-04-29],中国人民大学出版社,5.0,651条评论
 大数据医疗认知科学时代的医疗智能,,¥52.60,¥69.00, (7.63折) ,徐曼,[2017-03-27],机械工业出版社,5.0,71条评论
 数据结构（C语言版）――计算机科学丛书,p> 更多经典图书推荐 《C程序设计语言（第2版・新版）》点击进入 《C++程序设计原理与实践》点击进入 《深入理解计算机系统（原书第2版）》点击进入 《算法导论(原书第2版)》点击进入 《数据结构与算法分析――C语言描述（原书第2版）》点击进入,¥36.00,¥48.00, (7.5折) ,霍罗威茨,[2006-07-01],机械工业出版社,4.5,1846条评论
 POD-多源光学遥感数据归一化处理技术与方法按需印刷商品，发货时间20天，非质量问题不接受退换货。,POD产品说明： 1. 本产品为按需印刷（POD）图书，实行先付款，后印刷的流程。您在页面购买且完成支付后，订单转交出版社。出版社根据您的订单采用数字印刷的方式，单独为您印制该图书，属于定制产品。 2. 按需印刷的图书装帧均为平装书（含原为精装的图书）。由于印刷工艺、彩墨的批次不同，颜色会与老版本略有差异，但通常会比老版本的颜色更准确。原书内容含彩图的，统一变成黑白图，原书含光盘的，统一无法提供光盘。 3. 按需印刷的图书制作成本高于传统的单本成本，因此售价高于原书定价。 4. 按需印刷的图书，出版社生产周期一般为15个工作日（特殊情况除外）。请您耐心等待。 5. 按需印刷的图书，属于定制产品，不可取消订单，无质量问题不支持退货。,¥405.00,¥405.00,None,仲波,[2015-10-01],科学出版社,0.0,0条评论
 影响未来的新科技新产业（团购，请致电010-57993149）大数据、深度学习、人工智能、工业物联网、虚拟现实/增强现实、可穿戴设备、无人驾驶汽车、石墨烯、基因测序、量子通信等一批*前沿的科技及产业化应用将重塑未来国际竞争格局和市场规范,中国工程院院士、中国社会科学院学部 委员李京文老师作序。国际金融危机阴霾弥久不散，世界经济复苏进程一波三折，近年来，发达国家对科技创新和实体经济结构转型的新一轮密集投入的效果初步显现，科技界波澜不惊的情势似乎正在发生令人惊喜的变化。大数据、深度学习、工业物联网、虚拟现实/增强现实（VR/AR）、可穿戴设备、3D打印、无人驾驶汽车、石墨烯、基因测序（精准医疗）、量子通信、高端机器人、云服务等一批前沿科技成果纷纷走出实验室，相继步入产业化阶段。科学技术和商业模式的新一轮创新浪潮与新工业革命深度交互，一批 未来产业 初现端倪，并正在改变国际分工的基础和方式，全球工业发展开启了4.0时代。 新工业革命为发达国家 再工业化 和 重振实体经济 带来了新的机遇，但发展中国家凭借低成本资源、环境和劳动力获得的传,¥43.50,¥58.00, (7.5折) ,中国社会科学院工业经济研究所未来产业研究组,[2017-01-31],中信出版社,5.0,504条评论
 Python和HDF 5大数据应用深入体验在Python语言中用HDF5存储科学数据,Python语言在科学计算和数据处理领域应用前景广阔。大数据时代，催生了人们处理大量数据的实际需求。Python应用领域的拓展，越来越多的人将Python用于处理大型数值数据集，使用标准格式来进行数据的存储和通信也显得越来越重要，而HDF5也正迅速成为人们存储科学数据的选择。本书会带你迅速了解使用HDF5对大小从GB至TB的数字数据集进行存档和共享的细节、实践以及陷阱，体验在Python语言中用HDF5存储科学数据。通过真实世界的例子以及动手练习，你将依次学习科学数据集、层次性组织的组、用户定义的元数据，以及有互操作性的文件等主题。本书的例子对于Python2和Python3都适用。 本书包括以下内容：设置HDF5工具并创建HDF5文件。通过学习HDF5数据集对象来使用数据集。理解数据集分块和压缩等高级功能。使用组来学习如何利用HDF5层次性结构。使用HDF5的属性来添加,¥30.80,¥39.00, (7.9折) ,科莱特,[2016-02-01],人民邮电出版社,4.5,74条评论
 与大数据同行――学习和教育的未来（《大数据时代》作者力作、《认知盈余》克莱・舍基作序力荐、专为中文大陆版定制内容，“终身学习”时代的必读书！入选 2015年中国教师报/中国教育新闻网“全国教师暑期阅读推荐书目”）,"《与大数据同行 学习和教育的未来》入选 2015年中国教师报/中国教育新闻网 全国教师暑期阅读推荐书目 ！ ☆大数据领域公认权威、百万级畅销书《大数据时代》作者维克托 迈尔-舍恩伯格教授**力作 ☆""终身""学习时代的必读书，开启全新教育时代 ☆专为中文大陆版增设 追问 一章，解读**进展 ☆《认知盈余》作者克莱 舍基教授、中国教育技术领军人黎加厚教授亲笔作序 ☆著名教育学者朱永新、李希贵力荐 ☆译者为华东师大教育学博导赵中建教授，与作者数次面谈后，反复修正译稿 ☆书未上市，已被《中国教育报》、澎湃网、中新社、《文汇报》《China Daily》《上海教育》《新民晚报》《解放日报》等众多媒体争相报道 ☆案例翔实、可读性强，既有说服力、又简单易懂 ☆无论是在线教育的机构，还是传统学校，都能看到利于自身发展的别样途径 ☆",¥33.10,¥42.00, (7.89折) ,维克托・迈尔,[2015-01-01],华东师范大学出版社,4.5,3243条评论
 POD-星载激光雷达数据处理与应用按需印刷商品，发货时间20天，非质量问题不接受退换货。,《星载激光雷达数据处理与应用》适于激光雷达遥感、全球变化、林业、测绘、数字城市等方面的专家、学者和高校师生阅读、参考，也可作为遥感、测绘、林学、地理信息系统等专业的科研院所研究人员、高等院校师生的参考用书。9787030431745,¥271.00,¥271.00,None,王成,[],科学出版社,0.0,0条评论
 pod-空间数据挖掘理论与应用（第二版）按需印刷商品，发货时间20天，非质量问题不接受退换货。,导语_点评_推荐词,¥540.00,¥540.00,None,李德仁,[2013-10-01],科学出版社,0.0,0条评论
 云端数据治理,,¥53.70,¥68.00, (7.9折) ,刘小茵,[2017-06-01],电子工业出版社,0.0,5条评论
 数据库系统：设计、实现与管理（基础篇）（原书第6版）名家作品，紧跟技术发展，涵盖众多当前技术热点，是数据库领域的一本全书。,,¥89.60,¥129.00, (6.95折) ,托马斯,[2016-05-31],机械工业出版社,4.5,57条评论
 数据挖掘与商务分析：R语言,,¥54.50,¥69.00, (7.9折) ,约翰尼斯・莱道尔特,[2016-10-28],机械工业出版社,5.0,30条评论
 pod-DPS数据处理系统 第二卷 现代统计及数据挖掘（第3版）按需印刷商品，发货时间20天，非质量问题不接受退换货。,,¥178.00,¥178.00,None,唐启义,[],科学出版社,0.0,2条评论
 实用数据呼吸病学,,¥189.60,¥240.00, (7.9折) ,张金铭,[2010-01-01],天津科技翻译出版公司,5.0,16条评论
 真空科学技术丛书--真空技术常用数据表,,¥63.20,¥80.00, (7.9折) ,崔遂先,[2012-07-01],化学工业出版社,4.5,119条评论
 中国口头文学遗产数据库总目・河北卷（上下）,,¥417.60,¥580.00, (7.2折) ,冯骥才,[2016-03-01],文化艺术出版社,0.0,0条评论
 中国常绿阔叶林: 分类、生态、保育（表格数据）,,¥314.40,¥398.00, (7.9折) ,宋永昌,[2014-02-01],科学出版社,5.0,8条评论
 DAMA 数据管理知识体系指南（计算机科学与技术学科前沿丛书 计算机科学与技术学科研究生系列教材（中文版））“十一五”国家重点图书，国际数据管理协会组织众多数据管理领域的国际级资深专家编著，深入阐述数据管理各领域的完整知识体系,本书由DAMA International组织众多数据管理领域的国际级资深专家编著。这是一项里程碑式的工作。数据管理是把业务和信息技术融合起来所必需的一整套技术、方法及相应的管理和治理过程。它的特殊定位决定了它涉及的知识体系面广且度深，而要把其中各知识领域和它们之间的相互关系梳理和解释清楚并不是一件容易的事情。本书是国际数据管理 协会（DAMA International）对过去20多年数据管理领域知识和实践的一个总结，由会员们花了多年时间和业界专家反复讨论撰写而成。它是市场上极少见的综合了数据管理方方面面的一部权威性著作，深入阐述了数据管理各领域的完整知识体系，而这正是本书的一个主要独特之处。,¥25.90,¥37.00, (7折) ,DAMD,[2012-07-01],清华大学出版社,5.0,422条评论
 Python机器学习硅谷热门技术图书，Amazon广泛好评，Python机器学习入门*,,¥62.40,¥79.00, (7.9折) ,塞巴斯蒂安・拉施卡,[2017-03-14],机械工业出版社,4.5,625条评论
 POD-海河流域土壤水监测数据集成及土壤水效用评价按需印刷商品，发货时间20天，非质量问题不接受退换货。,POD产品说明： 1. 本产品为按需印刷（POD）图书，实行先付款，后印刷的流程。您在页面购买且完成支付后，订单转交出版社。出版社根据您的订单采用数字印刷的方式，单独为您印制该图书，属于定制产品。 2. 按需印刷的图书装帧均为平装书（含原为精装的图书）。由于印刷工艺、彩墨的批次不同，颜色会与老版本略有差异，但通常会比老版本的颜色更准确。原书内容含彩图的，统一变成黑白图，原书含光盘的，统一无法提供光盘。 3. 按需印刷的图书制作成本高于传统的单本成本，因此售价高于原书定价。 4. 按需印刷的图书，出版社生产周期一般为15个工作日（特殊情况除外）。请您耐心等待。 5. 按需印刷的图书，属于定制产品，不可取消订单，无质量问题不支持退货。,¥278.00,¥278.00,None,刘家宏,[2017-03-20],科学出版社,0.0,0条评论
 POD-中国常绿阔叶林: 分类、生态、保育（表格数据）按需印刷商品，发货时间20天，非质量问题不接受退换货。,POD产品说明： 1. 本产品为按需印刷（POD）图书，实行先付款，后印刷的流程。您在页面购买且完成支付后，订单转交出版社。出版社根据您的订单采用数字印刷的方式，单独为您印制该图书，属于定制产品。 2. 按需印刷的图书装帧均为平装书（含原为精装的图书）。由于印刷工艺、彩墨的批次不同，颜色会与老版本略有差异，但通常会比老版本的颜色更准确。原书内容含彩图的，统一变成黑白图，原书含光盘的，统一无法提供光盘。 3. 按需印刷的图书制作成本高于传统的单本成本，因此售价高于原书定价。 4. 按需印刷的图书，出版社生产周期一般为15个工作日（特殊情况除外）。请您耐心等待。 5. 按需印刷的图书，属于定制产品，不可取消订单，无质量问题不支持退货。,¥1198,¥1198,None,宋永昌,[2017-03-20],科学出版社,0.0,0条评论
 POD-汶川地震中小型水库震害与数据库按需印刷商品，发货时间20天，非质量问题不接受退换货。,POD产品说明： 1. 本产品为按需印刷（POD）图书，实行先付款，后印刷的流程。您在页面购买且完成支付后，订单转交出版社。出版社根据您的订单采用数字印刷的方式，单独为您印制该图书，属于定制产品。 2. 按需印刷的图书装帧均为平装书（含原为精装的图书）。由于印刷工艺、彩墨的批次不同，颜色会与老版本略有差异，但通常会比老版本的颜色更准确。原书内容含彩图的，统一变成黑白图，原书含光盘的，统一无法提供光盘。 3. 按需印刷的图书制作成本高于传统的单本成本，因此售价高于原书定价。 4. 按需印刷的图书，出版社生产周期一般为15个工作日（特殊情况除外）。请您耐心等待。 5. 按需印刷的图书，属于定制产品，不可取消订单，无质量问题不支持退货。,¥620.00,¥620.00,None,陈国兴,[2017-03-20],科学出版社,0.0,0条评论
 POD-第三次气候变化国家评估报告数据与方法集按需印刷商品，发货时间20天，非质量问题不接受退换货。,POD产品说明： 1. 本产品为按需印刷（POD）图书，实行先付款，后印刷的流程。您在页面购买且完成支付后，订单转交出版社。出版社根据您的订单采用数字印刷的方式，单独为您印制该图书，属于定制产品。 2. 按需印刷的图书装帧均为平装书（含原为精装的图书）。由于印刷工艺、彩墨的批次不同，颜色会与老版本略有差异，但通常会比老版本的颜色更准确。原书内容含彩图的，统一变成黑白图，原书含光盘的，统一无法提供光盘。 3. 按需印刷的图书制作成本高于传统的单本成本，因此售价高于原书定价。 4. 按需印刷的图书，出版社生产周期一般为15个工作日（特殊情况除外）。请您耐心等待。 5. 按需印刷的图书，属于定制产品，不可取消订单，无质量问题不支持退货。,¥505.00,¥505.00,None,第三次气候变化国家评估报告,[2016-12-01],科学出版社,0.0,0条评论
 大数字时代数据科学 智慧文化 数字经济发展历史进程 描制一幅数字中国、智慧社会和网络强国的全景图，为企业培育新增长点、形成新动能提供策略性指导,"1..世界经济加速向以网络信息技术产业为重要内容的经济活动转变。我们要把握这一历史契机,以信息化培育新动能,用新动能推动新发展。要加大投入,加强信息基础设施建设,推动互联网和实体经济深度融合,加快传统产业数字化、智能化,做大做强数字经济,拓展经济发展新空间。 显然易见,数字经济已成中国经济新常态下的显学。因此,如何正确理解数字经济,如何正确理解数字经济和互联网、移动通信、云计算、物联网、大数据、区块链、人工智能等新技术之间的内在关系,如何摆脱 老办法不管用新办法不会用 的窘境，对于领 导者和管理者来说都迫在眉睫。 2.在新的时代形势之下，想要寻找新的经济增长动力，就要时刻关注前沿的科学技术动向。在近几年来，大数据技术、人工智能以及云计算技术的发展成为了中国经济提质增效、转型升级的新动能，正是在这些技术",¥39.20,¥49.80, (7.88折) ,欧阳日辉,[2018-01-01],人民邮电出版社,0.0,0条评论
 新托福真题词汇 小站教育2017年最新出品(依据托福考试官方词表、小站APP后台大数据科学选词)依据托福考试官方词表、小站APP后台大数据科学选词,依据托福考试官方词表、小站APP后台大数据科学选词 超高频词汇、词组全覆盖 必备词汇、学科词汇全包括 近五年阅读词汇题词汇全收录 直击托福110,¥32.50,¥50.00, (6.5折) ,小站教育托福考试研究中心,[2017-07-15],石油工业出版社,4.5,78条评论
 POD-结构健康监测数据科学与工程按需印刷商品，发货时间20天，非质量问题不接受退换货。,POD产品说明： 1. 本产品为按需印刷（POD）图书，实行先付款，后印刷的流程。您在页面购买且完成支付后，订单转交出版社。出版社根据您的订单采用数字印刷的方式，单独为您印制该图书，属于定制产品。 2. 按需印刷的图书装帧均为平装书（含原为精装的图书）。由于印刷工艺、彩墨的批次不同，颜色会与老版本略有差异，但通常会比老版本的颜色更准确。原书内容含彩图的，统一变成黑白图，原书含光盘的，统一无法提供光盘。 3. 按需印刷的图书制作成本高于传统的单本成本，因此售价高于原书定价。 4. 按需印刷的图书，出版社生产周期一般为15个工作日（特殊情况除外）。请您耐心等待。 5. 按需印刷的图书，属于定制产品，不可取消订单，无质量问题不支持退货。,¥200.00,¥200.00,None,李惠,[2017-05-11],科学出版社,0.0,0条评论
 POD-数据聚类按需印刷商品，发货时间20天，非质量问题不接受退换货。,导语_点评_推荐词,¥188.00,¥188.00,None,张宪超,[2017-06-01],科学出版社,0.0,0条评论
 算法：C语言实现 （第1-4部分)基础知识、数据结构、排序及搜索（原书第3版）,本书是Sedgewick彻底修订和重写的C算法系列的**本。全书分为四部分，共16章。**部分“基础知识”（第1―2章）介绍基本算法分析原理。第二部分“数据结构”（第3～5章）讲解算法分析中必须掌握的数据结构知识，主要包括基本数据结构、抽象数据结构、递归和树。第三部分“排序”（第6～11章）按章节顺序分别讨论基本排序方法（如选择排序、插入排序、冒泡排序、希尔排序等）、快速排序方法、归并和归并排序方法、优先队列与堆排序方法、基数排序方法以及特殊用途的排序方法，并比较了各种排序方法的性能特征。第四部分“搜索”（第12～16章）在进一步讲解符号表、树等抽象数据类型的基础上，重点讨论散列方法、基数搜索以及外部搜索方法。 书中提供了用C语言描述的完整算法源程序，并且配有丰富的插图和练习。作者用简洁的实现将理论和实践成功地,¥58.50,¥79.00, (7.41折) ,塞奇威克,[2009-10-01],机械工业出版社,4.5,1556条评论
 pod-智慧教育与大数据按需印刷商品，发货时间20天，非质量问题不接受退换货。,,¥98.00,¥98.00,None,唐斯斯,[2017-01-01],科学出版社,5.0,19条评论
 pod-DPS数据处理系统 第三卷 专业统计及其他（第3版）按需印刷商品，发货时间20天，非质量问题不接受退换货。,,¥188.00,¥188.00,None,唐启义,[],科学出版社,0.0,0条评论
 数据结构与抽象：Java语言描述（原书第4版）基于Java语言描述数据结构的经典之作！,,¥109.80,¥139.00, (7.9折) ,弗兰克M.卡拉诺,[2017-06-07],机械工业出版社,5.0,21条评论
 奢华石材装饰（全四册）,,¥1278.2,¥1618, (7.9折) ,溪石集团发展有限公司,[2013-09-01],中国建材工业出版社,5.0,10条评论
 基于时空大数据的武汉发展研究：透视、评价与策略,导语_点评_推荐词,¥132.70,¥168.00, (7.9折) ,盛洪涛,[2017-08-08],中国建筑工业出版社,5.0,1条评论
 污染源普查数据集（平）,全国污染源普查,¥211.70,¥268.00, (7.9折) ,第一次全国污染源普查资料编纂委员会,[2011-09-01],中国环境出版社,4.5,28条评论
 POD-DPS数据处理系统 第一卷 基础统计及实验设计（第3版）按需印刷商品，发货时间20天，非质量问题不接受退换货。,POD产品说明： 1. 本产品为按需印刷（POD）图书，实行先付款，后印刷的流程。您在页面购买且完成支付后，订单转交出版社。出版社根据您的订单采用数字印刷的方式，单独为您印制该图书，属于定制产品。 2. 按需印刷的图书装帧均为平装书（含原为精装的图书）。由于印刷工艺、彩墨的批次不同，颜色会与老版本略有差异，但通常会比老版本的颜色更准确。原书内容含彩图的，统一变成黑白图，原书含光盘的，统一无法提供光盘。 3. 按需印刷的图书制作成本高于传统的单本成本，因此售价高于原书定价。 4. 按需印刷的图书，出版社生产周期一般为15个工作日（特殊情况除外）。请您耐心等待。 5. 按需印刷的图书，属于定制产品，不可取消订单，无质量问题不支持退货。,¥178.00,¥178.00,None,唐启义,[2017-03-20],科学出版社,0.0,0条评论
 Python生物信息学数据管理,生命科学学院的Python课程教材，适合本科教学或行业人士的Python短期培训。,¥54.50,¥69.00, (7.9折) ,Allegra,[2017-01-01],电子工业出版社,5.0,132条评论
 量子机器学习中数据挖掘的量子计算方法：英文,《量子机器学习中数据挖掘的量子计算方法(英文版)》由哈尔滨工业大学出版社出版。,¥77.40,¥98.00, (7.9折) ,维特克,[2016-01-01],哈尔滨工业大学出版社,5.0,27条评论
 常用生物数据分析软件,,¥72.70,¥92.00, (7.91折) ,王俊,[2017-10-01],科学出版社有限责任公司,5.0,67条评论
 Python科学计算基础教程以数据为基础 通过精彩案例展示Numpy等科学计算模块的强大功能和广泛应用 剖析Python关于并行与大数据计算的方法,全面阐述Python科学计算基础内容 提供Python科学计算精彩案例 总结科学计算的任务、难点以及*实践经验 科学计算概况、结构 使用NumPy和SciPy完成数值计算 使用SymPy进行符号计算的概念和方法 使用matplotlib画图程序库做数据可视化 使用pandas、matplotlib和IPython组合做数据分析与可视化 Python的并行和高性能计算方法 科学计算应用、库和工具的Python开发案例 方案设计、代码编写、高性能计算等科学计算*实践,¥38.70,¥49.00, (7.9折) ,赫曼塔,[2016-11-01],人民邮电出版社,5.0,152条评论
 实时分析：流数据的分析与可视化技术,,¥62.40,¥79.00, (7.9折) ,拜伦・埃利斯,[2016-04-18],机械工业出版社,5.0,71条评论
 POD-波谱数据表――有机化合物的结构解析（原书第四版）,,¥85.00,¥85.00,None,None,[],科学出版社,5.0,29条评论
 人人都会数据分析――从生活实例学统计帮助读者建立统计理论知识框架，形成数据分析思维逻辑，学会数据分析方法,深入浅出的统计 理论基础 63 个 鲜活的 生活实例 帮助读者 建立 统计 理论 知识 框架， 形成 数据分析思维逻辑 ， 学会数据分析方法,¥46.60,¥59.00, (7.9折) ,谢运恩,[2017-11-01],电子工业出版社,5.0,1条评论
 数据新闻大趋势：释放可视化报道的力量数据新闻和数据可视化的领军人物、Google趋势数据主编分析师西蒙罗杰斯力作,,¥101.10,¥128.00, (7.9折) ,西蒙・罗杰斯,[2015-05-14],中国人民大学出版社,5.0,221条评论
 MATLAB工程与科学绘图本书通过大量的具体实例，由浅入深、全面系统地介绍MATLAB在各种实际工作中常用的数据可视化技术与图形处理功能。本书同时配有丰富的教辅资源。,本书结合作者多年利用MATLAB从事教学与科研工作的经验，借助于大量的具体实例，全面、系统地介绍了MATLAB在工程与科学绘图方面的功能和应用。 通过阅读本书，初学者能够尽快掌握MATLAB的应用，解决不同领域的数据可视化与图形处理方面的实际问题；对于有一定基础的读者，详细研读本书的具体实例，则能事半功倍、有效提高应用MATLAB解决各种图形处理与可视化问题的水平与能力。 本书特点 阐述方式：由浅入深、循序渐进，帮助初学者尽快入门； 结构设置：全面、系统，方便不同领域的读者引用与参考； 内容安排：重点突出，侧重介绍工程实际中的常用指令格式及功能； 例题编写：精心构思、难度适中，有效提高读者应用MATLAB解决实际问题的能力。,¥38.70,¥49.00, (7.9折) ,周博,[2015-08-01],清华大学出版社,5.0,91条评论
 大数据可视化大数据系列教材之一。大数据呈现海量数据，而处理数据集合，挖掘数据内涵和内在联系，是数据为我所用的关键。大数据可视化采用新的视觉表达形式呈现世界，横跨科学、设计和艺术领域，蕴藏无限神奇！,大数据系列丛书 由多本既独立又有丰富内在联系的大数据时代思维、技术与应用的教材组成。《大数据可视化》是其中的一本。 我们已经进入大数据时代，人们用大数据来描述和定义信息爆炸时代产生的海量数据，并命名与之相关的技术发展与创新。企业内部的经营信息，互联网世界中的商品物流信息，人与人的交互信息、位置信息等，数量将远远超越现有企业的IT架构和基础设施的承载能力，实时性要求也将大大超越现有的计算能力。除了数据的数量，对于身处大数据时代的企业而言，成功的关键还在于找出大数据所隐含的真知灼见。以前，人们总说信息就是力量，如今，对数据进行分析、利用和挖掘才是力量所在。 大数据可视化这种新的视觉表达形式是随着信息社会的蓬勃发展而出现的 因为我们不仅要呈现世界，更重要的是通过呈现来处理更庞大的,¥34.60,¥45.00, (7.69折) ,周苏,[2016-09-01],清华大学出版社,4.5,92条评论
 数据包络分析及其应用案例,导语_点评_推荐词,¥101.10,¥128.00, (7.9折) ,马占新,[2016-05-01],科学出版社有限责任公司,5.0,58条评论
 DNA和蛋白质序列数据分析工具（第三版）,导语_点评_推荐词,¥101.10,¥128.00, (7.9折) ,薛庆中,[2018-01-01],科学出版社,4.5,218条评论
 互联网+教育：中国基础教育大数据,,¥40.90,¥58.00, (7.06折) ,杨现民,[2016-04-01],电子工业出版社,5.0,232条评论
 2016-2017年中国大数据产业发展蓝皮书,,¥79.00,¥100.00, (7.9折) ,中国电子信息产业发展研究院,[2017-09-01],人民出版社,0.0,0条评论
 数据结构――Java语言描述 第2版 21世纪高等学校规划教材・计算机科学与技术浙江省“十一五”规划重点建设教材，浙江省精品课程“数据结构”配套教材。,浙江省 十一五 规划重点建设教材，浙江省精品课程 数据结构 配套教材。 st-theme-font: minor-fareast;mso-hansi-font-family:Calibri;mso-hansi-theme-font:minor-latin' 制作海报、广告、封面、POP、包装和插画等，展示了软件各项功能和实用技巧，同时配800分钟视频讲解，是初学者学习Illustrator的理想选择。,¥40.10,¥49.00, (8.19折) ,刘小晶,[2015-04-01],清华大学出版社,5.0,54条评论
 计算机网络:自顶向下方法（原书第6版）,库罗斯、罗斯编著的《计算机网络：自顶向下方法（原书第6版）》是当前世界上*为流行的计算机网络教科书之一，采用作者独创的自顶向下方法讲授计算机网络的原理及其协议，即从应用层协议开始沿协议栈向下讲解，让读者从实现、应用的角度明白各层的意义，强调应用层范例和应用编程接口，使读者尽快进入每天使用的应用程序环境之中进行学习和 创造 。 本书第1 6章适合作为高等院校计算机、电子工程等相关专业本科生 计算机网络 课程的教材，第7 9章可用于硕士研究生 高级计算机网络 课程教学。对网络从业者、有一定网络基础的人员甚至专业网络研究人员，本书也是一本优秀的参考书。,¥62.40,¥79.00, (7.9折) ,库罗斯,[2014-10-01],机械工业出版社,4.5,2454条评论
 国家统计数据质量管理研究（上下册）,,¥171.00,¥228.00, (7.5折) ,邱东,[2016-07-01],北京师范大学出版社,5.0,8条评论
 大数据原理：复杂信息的准备、共享和分析重新思考重要的数据准备阶段，旁征博引而不拘泥于代码细节，健康大数据案例尤为精彩,,¥62.40,¥79.00, (7.9折) ,朱尔斯・伯曼,[2017-07-27],机械工业出版社,4.5,11条评论
 外语教学研究中的定量数据分析华中科技大学文科学术丛书,对于那些定量研究初学者很有帮助。包括怎么收集数据，如何用SPSS进行数据分析。采用什么分析方法等等，都有详细介绍。例子也浅显易懂，都是有关外语教学的。对学文科的外语教师们真的是很有用。,¥19.70,¥25.00, (7.88折) ,秦晓青,[2003-09-01],华中科技大学出版社,5.0,212条评论
 脑磁共振影像数据的时空分析,,¥98.70,¥125.00, (7.9折) ,胡德文,[2014-12-17],科学出版社,5.0,34条评论
 pod-数据包络分析及其应用案例按需印刷商品，发货时间20天，非质量问题不接受退换货。,,¥88.00,¥88.00,None,马占新,[2016-05-01],科学出版社,0.0,5条评论
 移动健康和智慧医疗 互联网+下的健康医疗产业革命中国科学院院士 国内医疗和信息专家集体全力推荐 涉及医疗新常态、商业模式、互联网巨头的医疗平台布局、移动医疗、大数据医疗、可穿戴医疗设备等热点,《移动健康和智慧医疗 互联网 下的健康医疗产业革命》得到中国科学院院士、英国皇家工程院外籍院士谭铁牛，以及多名国内外医疗专家和信息通信专家共同推荐的精品图书，本书作者是千人计划专家，具有对移动健康和智慧医疗领域发展战略的深刻洞察和国际化视野，以及带领团队在端到端系统（包括可穿戴及便携式设备、APP、云平台、业务应用等）设计研发并与医疗机构深度合作提供O2O服务等方面的丰富实践。本书容纳了作者数十年的经验和知识积累，写作历经2年，并数易其稿，精益求精，以求对读者有所裨益。《移动健康和智慧医疗 互联网 下的健康医疗产业革命》从理论方法到系统实现和商业模式设计的全方位，力图完整地从跨界融合新机遇、健康医疗服务实现、推动可持续发展等维度，对移动健康和智慧医疗的概念、系统设计、关键技术、典型应用及,¥62.40,¥79.00, (7.9折) ,许利群,[2016-09-01],人民邮电出版社,5.0,224条评论
 大数据治理与服务互联网时代遭遇新挑战，《大数据治理与服务》提供新思维、新利器,大数据治理是一个崭新的研究和应用领域，目前研究成果很少 立足于大数据环境下的数据治理，既有治理视角的战略价值、风险合规，也有管理视角的数据资产、数据服务，模型与案例结合,¥51.30,¥65.00, (7.9折) ,张绍华,[2016-01-01],上海科学技术出版社,5.0,144条评论
 高维数据统计学：方法、理论和应用,,¥75.00,¥95.00, (7.9折) ,Peter,[2016-08-11],世界图书出版公司,5.0,61条评论
 数据库原理(第7版)：使用Access 2013演示与实践（配光盘）（国外计算机科学经典教材）,,¥39.80,¥49.80, (8折) ,克伦克,[2015-06-01],清华大学出版社,5.0,149条评论
 实验数据分析（上册）,,¥101.10,¥128.00, (7.9折) ,朱永生,[2017-12-01],科学出版社,4.5,3条评论
 众源地理数据分析与应用,导语_点评_推荐词,¥94.80,¥120.00, (7.9折) ,单杰,[2017-05-01],科学出版社,5.0,7条评论
 大数据时代的网络舆情,作者：北京大学电子政务研究院副院长。 文本：本书原稿系北京大学大数据与新媒体课程讲稿。,¥43.50,¥58.00, (7.5折) ,杨明刚,[2017-06-01],海天出版社,0.0,22条评论
 人体运动数据处理及合成中的关键算法运动人体科学数据处理 人工智能 虚拟人运动合成书籍 VR游戏动漫人物运动图形图像技术指南,1.第1本人体运动数据处理方面的专著。 2.深入分析及阐述人体运动数据压缩、检索、数据库框架、节奏分析与运动合成及基于草图的人体姿态生成等人体运动数据处理关键技术。,¥61.60,¥78.00, (7.9折) ,王鹏杰,[2017-08-01],人民邮电出版社,0.0,0条评论
 实验数据分析（下册）,,¥101.10,¥128.00, (7.9折) ,朱永生,[2017-12-01],科学出版社,4.5,3条评论
 工业大数据实践：工业4.0时代大数据分析技术与实践案例从崭新的视角认识大数据，同时提供数据分析新的工具方法。,在互联网 时代，随着产业转型升级，工业大数据应用如火如荼，本书顺应产业发展需要，从美国WILEY引进的一本关于工业大数据的图书。本书从崭新的视角来认识大数据，结合典型的产业大数据案例，为读者构建数据网络分析、数据中有效信息提取模型。同时，还对实际应用中大数据分析方法与工具进行了详细的讲解。因此，本书是关于工业大数据研究与应用方面不可多得的参考书。,¥38.70,¥49.00, (7.9折) ,李贤荣,[2017-06-01],电子工业出版社,5.0,20条评论
 赢过巴菲特：高手选股就靠这一招（第2版）方法简单、有效、实用，通过一个数据――用净营余会计法则计算的权益回报率――分辨出可以持续获利的公司；作者网站提供经过科学统计的独家数据,本书介绍的方法简单实用、易于操作，经实践验证可让你超越96%的专业短期投资基金经理。大学总是告诉学生巴菲特是个奇迹，或者说，是个特例，但是实际情况是，存在一种有效的方式可以让你的投资持续获得高于市场平均水平的收益，这就是本书所介绍的净营余会计法则。并且，即使不懂会计，你也可以看懂本书，并有效运用这种方法。,¥30.00,¥38.00, (7.9折) ,Joseph,[2017-01-01],电子工业出版社,5.0,90条评论
 SUV绿皮书：中国汽车SUV行业发展报告（2016～2017）力求通过详实的数据、科学深入的分析，将中国SUV市场发展的全貌展现给读者，为行业发展起到积极的促进作用。,《SUV绿皮书：中国汽车SUV行业发展报告（2016~2017）》力求通过详实的数据、科学深入的分析，将中国SUV市场发展的全貌展现给读者，为行业发展起到积极的促进作用。 SUV车型因空间大，通过性、实用性强等多方面优势被越来越多中国消费者所认可和接受，其在中国市场的销量呈持续井喷式增长。SUV自主品牌的大发展说明中国自主汽车企业发展达到一个新高度、新水平。应当说，中国的SUV正在改变着世界汽车产业、产品的格局和状态。 中国汽车系列绿皮书旨在客观描述和反映中国汽车行业在低碳绿色上付出的努力，讨论探索中国汽车实现低碳绿色发展的路径，总结推广中国汽车在低碳绿色上取得的经验，创造新时代中国汽车低碳绿色发展新模式，使汽车不仅成为人们改变世界的工具，也能成为人类保护世界环境的朋友。,¥59.30,¥79.00, (7.51折) ,汽车评价研究院深圳航盛电子公司,[2017-12-01],经济管理出版社,0.0,0条评论
 从Lucene到Elasticsearch：全文检索实战大数据时代的信息检索技术,腾讯、阿里巴巴、百度、*等诸多一线互联网公司正大力推进Elasticsearch的使用场景，本书以丰富的实例着重介绍了Elasticsearch的方方面面，可帮助读者快速应用Lucene库处理全文检索业务，掌握使用Elasticsearch搭建分布式搜索引擎的方法与技巧。 本书是编者在信息检索、Lucene和Elasticsearch学习、实际项目实践过程中的心得体会和经验总结。本书从原理到实践，涉及的内容包括信息检索的核心概念、Lucene架构、使用Lucene创建索引和索引查询、Elasticsearch入门、Elasticsearch基本搜索、Elasticsearch高级搜索、Elasticsearch Java API、Elasticsearch同步数据库、Elasticsearch集群管理、Lucene与Elasticsearch项目实战等。 针对初级开发者，可以通过本书提供的众多实例入手，循序渐进，由点到面地进行学习；另外，本书的每个实例都提供了可执行程序与详尽的代码注解，从而有效降低学习门槛，提高学,¥62.40,¥79.00, (7.9折) ,姚攀,[2017-12-01],清华大学出版社,3.0,3条评论
